family,feature,review_name,verification_bucket,cxx_test_name,expected,actual,abs_diff,rel_diff_pct,tolerance_pct,status,oracle_tool,oracle_feature,image_source,settings,note
Shape and morphology subset,DIAMETER_EQUAL_PERIMETER,VERIFIABLE_WITH_3P_BUILTIN_ORACLE__DIAMETER_EQUAL_PERIMETER,VERIFIABLE_WITH_3P_BUILTIN_ORACLE,TEST_SHAPE2D_VERIFIABLE_WITH_3P_BUILTIN_ORACLE_CONTOUR_DIAMETER_EQUAL_PERIMETER,8.57365809435587,4.0288018356007465,4.544856258755124,53.00953465530718,5.0,MISMATCH,imea,shape_measurements_2d.diameter_equal_perimeter,tests/test_data.h shape2d_morphology_mask,"imea.shape_measurements_2d(binary_mask, spatial_resolution_xy=1, dalpha=9)",Direct imea equal-perimeter diameter column.
Shape and morphology subset,FRACT_DIM_BOXCOUNT,VERIFIABLE_WITH_3P_BUILTIN_ORACLE__FRACT_DIM_BOXCOUNT,VERIFIABLE_WITH_3P_BUILTIN_ORACLE,TEST_SHAPE2D_VERIFIABLE_WITH_3P_BUILTIN_ORACLE_FRACTAL_CIRCLE_FEATURES,-0.830074998557687,1.403677461028802,2.233752459586489,269.10248633771516,5.0,MISMATCH,imea,shape_measurements_2d.fractal_dimension_boxcounting_method,tests/test_data.h shape2d_morphology_mask,"imea.shape_measurements_2d(binary_mask, spatial_resolution_xy=1, dalpha=9)",Direct imea box-counting fractal-dimension column.
Shape and morphology subset,FRACT_DIM_PERIMETER,VERIFIABLE_WITH_3P_BUILTIN_ORACLE__FRACT_DIM_PERIMETER,VERIFIABLE_WITH_3P_BUILTIN_ORACLE,TEST_SHAPE2D_VERIFIABLE_WITH_3P_BUILTIN_ORACLE_FRACTAL_CIRCLE_FEATURES,-1.97227924244155,1.7717743812221949,3.7440536236637447,189.83385025280984,5.0,MISMATCH,imea,shape_measurements_2d.fractal_dimension_perimeter_method,tests/test_data.h shape2d_morphology_mask,"imea.shape_measurements_2d(binary_mask, spatial_resolution_xy=1, dalpha=9)",Direct imea perimeter-method fractal-dimension column.
Shape and morphology subset,DIAMETER_CIRCUMSCRIBING_CIRCLE,VERIFIABLE_WITH_3P_BUILTIN_ORACLE__DIAMETER_CIRCUMSCRIBING_CIRCLE,VERIFIABLE_WITH_3P_BUILTIN_ORACLE,TEST_SHAPE2D_VERIFIABLE_WITH_3P_BUILTIN_ORACLE_FRACTAL_CIRCLE_FEATURES,12.3317073399088,6.888804054534804,5.442903285373996,44.13746722450396,5.0,MISMATCH,imea,shape_measurements_2d.diameter_circumscribing_circle,tests/test_data.h shape2d_morphology_mask,"imea.shape_measurements_2d(binary_mask, spatial_resolution_xy=1, dalpha=9)",Direct imea circumscribing-circle diameter column.
Shape and morphology subset,DIAMETER_INSCRIBING_CIRCLE,VERIFIABLE_WITH_3P_BUILTIN_ORACLE__DIAMETER_INSCRIBING_CIRCLE,VERIFIABLE_WITH_3P_BUILTIN_ORACLE,TEST_SHAPE2D_VERIFIABLE_WITH_3P_BUILTIN_ORACLE_FRACTAL_CIRCLE_FEATURES,0.828486893405308,3.604730619649225,2.7762437262439166,335.09808644440886,5.0,MISMATCH,imea,shape_measurements_2d.diameter_inscribing_circle,tests/test_data.h shape2d_morphology_mask,"imea.shape_measurements_2d(binary_mask, spatial_resolution_xy=1, dalpha=9)",Direct imea inscribing-circle diameter column.
Added 2D shape morphology extras,GEODETIC_LENGTH,VERIFIABLE_WITH_3P_BUILTIN_ORACLE__GEODETIC_LENGTH,VERIFIABLE_WITH_3P_BUILTIN_ORACLE,TEST_SHAPE2D_VERIFIABLE_WITH_3P_BUILTIN_ORACLE_GEODETIC_THICKNESS_EROSION,10.0,3.164213562373095,6.835786437626905,68.35786437626905,5.0,MISMATCH,imea,shape_measurements_2d.geodeticlength,tests/test_data.h shape2d_morphology_mask,"imea.shape_measurements_2d(binary_mask, spatial_resolution_xy=1, dalpha=9)",Direct imea geodetic-length column.
Added 2D shape morphology extras,THICKNESS,VERIFIABLE_WITH_3P_BUILTIN_ORACLE__THICKNESS,VERIFIABLE_WITH_3P_BUILTIN_ORACLE,TEST_SHAPE2D_VERIFIABLE_WITH_3P_BUILTIN_ORACLE_GEODETIC_THICKNESS_EROSION,3.0,3.164213562373095,0.16421356237309492,5.473785412436498,5.0,MISMATCH,imea,shape_measurements_2d.thickness,tests/test_data.h shape2d_morphology_mask,"imea.shape_measurements_2d(binary_mask, spatial_resolution_xy=1, dalpha=9)",Direct imea thickness column.
Added 2D shape morphology extras,EROSIONS_2_VANISH,VERIFIABLE_WITH_3P_BUILTIN_ORACLE__EROSIONS_2_VANISH,VERIFIABLE_WITH_3P_BUILTIN_ORACLE,TEST_SHAPE2D_VERIFIABLE_WITH_3P_BUILTIN_ORACLE_GEODETIC_THICKNESS_EROSION,1.0,3.0,2.0,200.0,5.0,MISMATCH,imea,shape_measurements_2d.n_erosions,tests/test_data.h shape2d_morphology_mask,"imea.shape_measurements_2d(binary_mask, spatial_resolution_xy=1, dalpha=9)",Direct imea erosion-count column.
Remaining 2D erosion complement,EROSIONS_2_VANISH_COMPLEMENT,VERIFIABLE_WITH_3P_BUILTIN_ORACLE__EROSIONS_2_VANISH_COMPLEMENT,VERIFIABLE_WITH_3P_BUILTIN_ORACLE,TEST_REMAINING2D_VERIFIABLE_WITH_3P_BUILTIN_ORACLE_EROSION_COMPLEMENT,0.0,2.0,2.0,inf,5.0,MISMATCH,imea,shape_measurements_2d.n_erosions_complement,tests/test_data.h shape2d_morphology_mask,"imea.shape_measurements_2d(binary_mask, spatial_resolution_xy=1, dalpha=9)",Direct imea complement erosion-count column.
Remaining 2D Feret calipers,STAT_FERET_DIAM_MEAN,VERIFIABLE_WITH_3P_BUILTIN_ORACLE__STAT_FERET_DIAM_MEAN,VERIFIABLE_WITH_3P_BUILTIN_ORACLE,TEST_REMAINING2D_VERIFIABLE_WITH_3P_BUILTIN_ORACLE_CALIPER_FEATURES,4.947368421052632,6.45,1.5026315789473683,30.37234042553191,5.0,MISMATCH,imea,shape_measurements_2d.feret_mean,tests/test_data.h shape2d_morphology_mask,"imea.shape_measurements_2d(binary_mask, spatial_resolution_xy=1, dalpha=9)",Direct imea Feret mean column.
Remaining 2D Feret calipers,STAT_FERET_DIAM_MEDIAN,VERIFIABLE_WITH_3P_BUILTIN_ORACLE__STAT_FERET_DIAM_MEDIAN,VERIFIABLE_WITH_3P_BUILTIN_ORACLE,TEST_REMAINING2D_VERIFIABLE_WITH_3P_BUILTIN_ORACLE_CALIPER_FEATURES,5.0,6.0,1.0,20.0,5.0,MISMATCH,imea,shape_measurements_2d.feret_median,tests/test_data.h shape2d_morphology_mask,"imea.shape_measurements_2d(binary_mask, spatial_resolution_xy=1, dalpha=9)",Direct imea Feret median column.
Remaining 2D Feret calipers,STAT_FERET_DIAM_STDDEV,VERIFIABLE_WITH_3P_BUILTIN_ORACLE__STAT_FERET_DIAM_STDDEV,VERIFIABLE_WITH_3P_BUILTIN_ORACLE,TEST_REMAINING2D_VERIFIABLE_WITH_3P_BUILTIN_ORACLE_CALIPER_FEATURES,0.22329687826943606,0.5894913061275798,0.36619442785814377,163.99442334177357,5.0,MISMATCH,imea,shape_measurements_2d.feret_std,tests/test_data.h shape2d_morphology_mask,"imea.shape_measurements_2d(binary_mask, spatial_resolution_xy=1, dalpha=9)",Direct imea Feret standard-deviation column.
Remaining 2D Feret calipers,STAT_FERET_DIAM_MODE,VERIFIABLE_WITH_3P_BUILTIN_ORACLE__STAT_FERET_DIAM_MODE,VERIFIABLE_WITH_3P_BUILTIN_ORACLE,TEST_REMAINING2D_VERIFIABLE_WITH_3P_BUILTIN_ORACLE_CALIPER_FEATURES,5.0,6.0,1.0,20.0,5.0,MISMATCH,imea,shape_measurements_2d.feret_mode,tests/test_data.h shape2d_morphology_mask,"imea.shape_measurements_2d(binary_mask, spatial_resolution_xy=1, dalpha=9)",Direct imea Feret mode column.
Remaining 2D Martin calipers,STAT_MARTIN_DIAM_MIN,VERIFIABLE_WITH_3P_BUILTIN_ORACLE__STAT_MARTIN_DIAM_MIN,VERIFIABLE_WITH_3P_BUILTIN_ORACLE,TEST_REMAINING2D_VERIFIABLE_WITH_3P_BUILTIN_ORACLE_CALIPER_FEATURES,0.799999953806399,5.0,4.200000046193601,525.0000360887528,5.0,MISMATCH,imea,shape_measurements_2d.martin_min,tests/test_data.h shape2d_morphology_mask,"imea.shape_measurements_2d(binary_mask, spatial_resolution_xy=1, dalpha=9)",Direct imea Martin minimum column.
Remaining 2D Martin calipers,STAT_MARTIN_DIAM_MAX,VERIFIABLE_WITH_3P_BUILTIN_ORACLE__STAT_MARTIN_DIAM_MAX,VERIFIABLE_WITH_3P_BUILTIN_ORACLE,TEST_REMAINING2D_VERIFIABLE_WITH_3P_BUILTIN_ORACLE_CALIPER_FEATURES,5.0,7.0,2.0,40.0,5.0,MISMATCH,imea,shape_measurements_2d.martin_max,tests/test_data.h shape2d_morphology_mask,"imea.shape_measurements_2d(binary_mask, spatial_resolution_xy=1, dalpha=9)",Direct imea Martin maximum column.
Remaining 2D Martin calipers,STAT_MARTIN_DIAM_MEAN,VERIFIABLE_WITH_3P_BUILTIN_ORACLE__STAT_MARTIN_DIAM_MEAN,VERIFIABLE_WITH_3P_BUILTIN_ORACLE,TEST_REMAINING2D_VERIFIABLE_WITH_3P_BUILTIN_ORACLE_CALIPER_FEATURES,3.1314814727604796,5.95,2.8185185272395206,90.0059141897118,5.0,MISMATCH,imea,shape_measurements_2d.martin_mean,tests/test_data.h shape2d_morphology_mask,"imea.shape_measurements_2d(binary_mask, spatial_resolution_xy=1, dalpha=9)",Direct imea Martin mean column.
Remaining 2D Martin calipers,STAT_MARTIN_DIAM_MEDIAN,VERIFIABLE_WITH_3P_BUILTIN_ORACLE__STAT_MARTIN_DIAM_MEDIAN,VERIFIABLE_WITH_3P_BUILTIN_ORACLE,TEST_REMAINING2D_VERIFIABLE_WITH_3P_BUILTIN_ORACLE_CALIPER_FEATURES,3.5,6.0,2.5,71.42857142857143,5.0,MISMATCH,imea,shape_measurements_2d.martin_median,tests/test_data.h shape2d_morphology_mask,"imea.shape_measurements_2d(binary_mask, spatial_resolution_xy=1, dalpha=9)",Direct imea Martin median column.
Remaining 2D Martin calipers,STAT_MARTIN_DIAM_STDDEV,VERIFIABLE_WITH_3P_BUILTIN_ORACLE__STAT_MARTIN_DIAM_STDDEV,VERIFIABLE_WITH_3P_BUILTIN_ORACLE,TEST_REMAINING2D_VERIFIABLE_WITH_3P_BUILTIN_ORACLE_CALIPER_FEATURES,1.6662952583978845,0.739932429347437,0.9263628290504475,55.59415862115158,5.0,MISMATCH,imea,shape_measurements_2d.martin_std,tests/test_data.h shape2d_morphology_mask,"imea.shape_measurements_2d(binary_mask, spatial_resolution_xy=1, dalpha=9)",Direct imea Martin standard-deviation column.
Remaining 2D Martin calipers,STAT_MARTIN_DIAM_MODE,VERIFIABLE_WITH_3P_BUILTIN_ORACLE__STAT_MARTIN_DIAM_MODE,VERIFIABLE_WITH_3P_BUILTIN_ORACLE,TEST_REMAINING2D_VERIFIABLE_WITH_3P_BUILTIN_ORACLE_CALIPER_FEATURES,1.0,6.0,5.0,500.0,5.0,MISMATCH,imea,shape_measurements_2d.martin_mode,tests/test_data.h shape2d_morphology_mask,"imea.shape_measurements_2d(binary_mask, spatial_resolution_xy=1, dalpha=9)",Direct imea Martin mode column.
Remaining 2D Nassenstein calipers,STAT_NASSENSTEIN_DIAM_MIN,VERIFIABLE_WITH_3P_BUILTIN_ORACLE__STAT_NASSENSTEIN_DIAM_MIN,VERIFIABLE_WITH_3P_BUILTIN_ORACLE,TEST_REMAINING2D_VERIFIABLE_WITH_3P_BUILTIN_ORACLE_CALIPER_FEATURES,0.0,3.0,3.0,inf,5.0,MISMATCH,imea,shape_measurements_2d.nassenstein_min,tests/test_data.h shape2d_morphology_mask,"imea.shape_measurements_2d(binary_mask, spatial_resolution_xy=1, dalpha=9)",Direct imea Nassenstein minimum column.
Remaining 2D Nassenstein calipers,STAT_NASSENSTEIN_DIAM_MAX,VERIFIABLE_WITH_3P_BUILTIN_ORACLE__STAT_NASSENSTEIN_DIAM_MAX,VERIFIABLE_WITH_3P_BUILTIN_ORACLE,TEST_REMAINING2D_VERIFIABLE_WITH_3P_BUILTIN_ORACLE_CALIPER_FEATURES,5.0,7.0,2.0,40.0,5.0,MISMATCH,imea,shape_measurements_2d.nassenstein_max,tests/test_data.h shape2d_morphology_mask,"imea.shape_measurements_2d(binary_mask, spatial_resolution_xy=1, dalpha=9)",Direct imea Nassenstein maximum column.
Remaining 2D Nassenstein calipers,STAT_NASSENSTEIN_DIAM_MEAN,VERIFIABLE_WITH_3P_BUILTIN_ORACLE__STAT_NASSENSTEIN_DIAM_MEAN,VERIFIABLE_WITH_3P_BUILTIN_ORACLE,TEST_REMAINING2D_VERIFIABLE_WITH_3P_BUILTIN_ORACLE_CALIPER_FEATURES,2.68842592930522,4.85,2.1615740706947797,80.40296171572052,5.0,MISMATCH,imea,shape_measurements_2d.nassenstein_mean,tests/test_data.h shape2d_morphology_mask,"imea.shape_measurements_2d(binary_mask, spatial_resolution_xy=1, dalpha=9)",Direct imea Nassenstein mean column.
Remaining 2D Nassenstein calipers,STAT_NASSENSTEIN_DIAM_MEDIAN,VERIFIABLE_WITH_3P_BUILTIN_ORACLE__STAT_NASSENSTEIN_DIAM_MEDIAN,VERIFIABLE_WITH_3P_BUILTIN_ORACLE,TEST_REMAINING2D_VERIFIABLE_WITH_3P_BUILTIN_ORACLE_CALIPER_FEATURES,3.5,5.0,1.5,42.857142857142854,5.0,MISMATCH,imea,shape_measurements_2d.nassenstein_median,tests/test_data.h shape2d_morphology_mask,"imea.shape_measurements_2d(binary_mask, spatial_resolution_xy=1, dalpha=9)",Direct imea Nassenstein median column.
Remaining 2D Nassenstein calipers,STAT_NASSENSTEIN_DIAM_STDDEV,VERIFIABLE_WITH_3P_BUILTIN_ORACLE__STAT_NASSENSTEIN_DIAM_STDDEV,VERIFIABLE_WITH_3P_BUILTIN_ORACLE,TEST_REMAINING2D_VERIFIABLE_WITH_3P_BUILTIN_ORACLE_CALIPER_FEATURES,2.1985188021518653,1.4239030865898141,0.7746157155620512,35.23352699116665,5.0,MISMATCH,imea,shape_measurements_2d.nassenstein_std,tests/test_data.h shape2d_morphology_mask,"imea.shape_measurements_2d(binary_mask, spatial_resolution_xy=1, dalpha=9)",Direct imea Nassenstein standard-deviation column.
Remaining 2D Nassenstein calipers,STAT_NASSENSTEIN_DIAM_MODE,VERIFIABLE_WITH_3P_BUILTIN_ORACLE__STAT_NASSENSTEIN_DIAM_MODE,VERIFIABLE_WITH_3P_BUILTIN_ORACLE,TEST_REMAINING2D_VERIFIABLE_WITH_3P_BUILTIN_ORACLE_CALIPER_FEATURES,0.0,3.0,3.0,inf,5.0,MISMATCH,imea,shape_measurements_2d.nassenstein_mode,tests/test_data.h shape2d_morphology_mask,"imea.shape_measurements_2d(binary_mask, spatial_resolution_xy=1, dalpha=9)",Direct imea Nassenstein mode column.
Remaining 2D chords,MAXCHORDS_MAX,VERIFIABLE_WITH_3P_BUILTIN_ORACLE__MAXCHORDS_MAX,VERIFIABLE_WITH_3P_BUILTIN_ORACLE,TEST_REMAINING2D_VERIFIABLE_WITH_3P_BUILTIN_ORACLE_CHORD_STAT_FEATURES,6.0,7.0,1.0,16.666666666666668,5.0,MISMATCH,imea,shape_measurements_2d.maxchords_max,tests/test_data.h shape2d_morphology_mask,"imea.shape_measurements_2d(binary_mask, spatial_resolution_xy=1, dalpha=9)",Direct imea maximum-chords maximum column.
Remaining 2D chords,MAXCHORDS_MIN,VERIFIABLE_WITH_3P_BUILTIN_ORACLE__MAXCHORDS_MIN,VERIFIABLE_WITH_3P_BUILTIN_ORACLE,TEST_REMAINING2D_VERIFIABLE_WITH_3P_BUILTIN_ORACLE_CHORD_STAT_FEATURES,3.0,5.0,2.0,66.66666666666667,5.0,MISMATCH,imea,shape_measurements_2d.maxchords_min,tests/test_data.h shape2d_morphology_mask,"imea.shape_measurements_2d(binary_mask, spatial_resolution_xy=1, dalpha=9)",Direct imea maximum-chords minimum column.
Remaining 2D chords,MAXCHORDS_MEDIAN,VERIFIABLE_WITH_3P_BUILTIN_ORACLE__MAXCHORDS_MEDIAN,VERIFIABLE_WITH_3P_BUILTIN_ORACLE,TEST_REMAINING2D_VERIFIABLE_WITH_3P_BUILTIN_ORACLE_CHORD_STAT_FEATURES,4.0,6.0,2.0,50.0,5.0,MISMATCH,imea,shape_measurements_2d.maxchords_median,tests/test_data.h shape2d_morphology_mask,"imea.shape_measurements_2d(binary_mask, spatial_resolution_xy=1, dalpha=9)",Direct imea maximum-chords median column.
Remaining 2D chords,MAXCHORDS_MEAN,VERIFIABLE_WITH_3P_BUILTIN_ORACLE__MAXCHORDS_MEAN,VERIFIABLE_WITH_3P_BUILTIN_ORACLE,TEST_REMAINING2D_VERIFIABLE_WITH_3P_BUILTIN_ORACLE_CHORD_STAT_FEATURES,4.550000000000001,6.0,1.4499999999999993,31.86813186813185,5.0,MISMATCH,imea,shape_measurements_2d.maxchords_mean,tests/test_data.h shape2d_morphology_mask,"imea.shape_measurements_2d(binary_mask, spatial_resolution_xy=1, dalpha=9)",Direct imea maximum-chords mean column.
Remaining 2D chords,MAXCHORDS_MODE,VERIFIABLE_WITH_3P_BUILTIN_ORACLE__MAXCHORDS_MODE,VERIFIABLE_WITH_3P_BUILTIN_ORACLE,TEST_REMAINING2D_VERIFIABLE_WITH_3P_BUILTIN_ORACLE_CHORD_STAT_FEATURES,4.0,6.0,2.0,50.0,5.0,MISMATCH,imea,shape_measurements_2d.maxchords_mode,tests/test_data.h shape2d_morphology_mask,"imea.shape_measurements_2d(binary_mask, spatial_resolution_xy=1, dalpha=9)",Direct imea maximum-chords mode column.
Remaining 2D chords,MAXCHORDS_STDDEV,VERIFIABLE_WITH_3P_BUILTIN_ORACLE__MAXCHORDS_STDDEV,VERIFIABLE_WITH_3P_BUILTIN_ORACLE,TEST_REMAINING2D_VERIFIABLE_WITH_3P_BUILTIN_ORACLE_CHORD_STAT_FEATURES,0.944513241388333,0.7745966692414834,0.16991657214684963,17.989856012721486,5.0,MISMATCH,imea,shape_measurements_2d.maxchords_std,tests/test_data.h shape2d_morphology_mask,"imea.shape_measurements_2d(binary_mask, spatial_resolution_xy=1, dalpha=9)",Direct imea maximum-chords standard-deviation column.
Remaining 2D chords,ALLCHORDS_MAX,VERIFIABLE_WITH_3P_BUILTIN_ORACLE__ALLCHORDS_MAX,VERIFIABLE_WITH_3P_BUILTIN_ORACLE,TEST_REMAINING2D_VERIFIABLE_WITH_3P_BUILTIN_ORACLE_CHORD_STAT_FEATURES,6.0,7.0,1.0,16.666666666666668,5.0,MISMATCH,imea,shape_measurements_2d.allchords_max,tests/test_data.h shape2d_morphology_mask,"imea.shape_measurements_2d(binary_mask, spatial_resolution_xy=1, dalpha=9)",Direct imea all-chords maximum column.
Remaining 2D chords,ALLCHORDS_MIN,VERIFIABLE_WITH_3P_BUILTIN_ORACLE__ALLCHORDS_MIN,VERIFIABLE_WITH_3P_BUILTIN_ORACLE,TEST_REMAINING2D_VERIFIABLE_WITH_3P_BUILTIN_ORACLE_CHORD_STAT_FEATURES,1.0,1.0,0.0,0.0,5.0,PASS,imea,shape_measurements_2d.allchords_min,tests/test_data.h shape2d_morphology_mask,"imea.shape_measurements_2d(binary_mask, spatial_resolution_xy=1, dalpha=9)",Direct imea all-chords minimum column.
Remaining 2D chords,ALLCHORDS_MEDIAN,VERIFIABLE_WITH_3P_BUILTIN_ORACLE__ALLCHORDS_MEDIAN,VERIFIABLE_WITH_3P_BUILTIN_ORACLE,TEST_REMAINING2D_VERIFIABLE_WITH_3P_BUILTIN_ORACLE_CHORD_STAT_FEATURES,4.0,3.0,1.0,25.0,5.0,MISMATCH,imea,shape_measurements_2d.allchords_median,tests/test_data.h shape2d_morphology_mask,"imea.shape_measurements_2d(binary_mask, spatial_resolution_xy=1, dalpha=9)",Direct imea all-chords median column.
Remaining 2D chords,ALLCHORDS_MEAN,VERIFIABLE_WITH_3P_BUILTIN_ORACLE__ALLCHORDS_MEAN,VERIFIABLE_WITH_3P_BUILTIN_ORACLE,TEST_REMAINING2D_VERIFIABLE_WITH_3P_BUILTIN_ORACLE_CHORD_STAT_FEATURES,2.913461538461538,3.358974358974359,0.44551282051282115,15.291529152915317,5.0,MISMATCH,imea,shape_measurements_2d.allchords_mean,tests/test_data.h shape2d_morphology_mask,"imea.shape_measurements_2d(binary_mask, spatial_resolution_xy=1, dalpha=9)",Direct imea all-chords mean column.
Remaining 2D chords,ALLCHORDS_MODE,VERIFIABLE_WITH_3P_BUILTIN_ORACLE__ALLCHORDS_MODE,VERIFIABLE_WITH_3P_BUILTIN_ORACLE,TEST_REMAINING2D_VERIFIABLE_WITH_3P_BUILTIN_ORACLE_CHORD_STAT_FEATURES,4.0,2.0,2.0,50.0,5.0,MISMATCH,imea,shape_measurements_2d.allchords_mode,tests/test_data.h shape2d_morphology_mask,"imea.shape_measurements_2d(binary_mask, spatial_resolution_xy=1, dalpha=9)",Direct imea all-chords mode column.
Remaining 2D chords,ALLCHORDS_STDDEV,VERIFIABLE_WITH_3P_BUILTIN_ORACLE__ALLCHORDS_STDDEV,VERIFIABLE_WITH_3P_BUILTIN_ORACLE,TEST_REMAINING2D_VERIFIABLE_WITH_3P_BUILTIN_ORACLE_CHORD_STAT_FEATURES,1.3446086298393252,1.7057546564674788,0.36114602662815365,26.85882111817987,5.0,MISMATCH,imea,shape_measurements_2d.allchords_std,tests/test_data.h shape2d_morphology_mask,"imea.shape_measurements_2d(binary_mask, spatial_resolution_xy=1, dalpha=9)",Direct imea all-chords standard-deviation column.
