Family,Feature,Expected,MIRPValue,AbsDiff,RelDiffPct,TolerancePct,Status,OracleFeature,ImageSource,Settings,Note
GLDZM,GLDZM_SDE,0.946,0.946428571428571,0.000428571428571445,0.0453035336756284,5,PASS,mirp.dzm_sde_2d,IBSI 2D phantom slices z1-z4 with corresponding Nyxus masks,"MIRP 2.6.0; base_feature_families=['gldzm','ngldm']; base_discretisation_method='none'; by_slice=True; gldzm_spatial_method='2d'; ngldm_spatial_method='2d'; ngldm_distance=1.0; ngldm_difference_level=0.0; ibsi_compliant=False",MIRP GLDZM value averaged over the four Nyxus 2D IBSI phantom slices.
GLDZM,GLDZM_LDE,1.21,1.21428571428571,0.00428571428571445,0.354191263282186,5,PASS,mirp.dzm_lde_2d,IBSI 2D phantom slices z1-z4 with corresponding Nyxus masks,"MIRP 2.6.0; base_feature_families=['gldzm','ngldm']; base_discretisation_method='none'; by_slice=True; gldzm_spatial_method='2d'; ngldm_spatial_method='2d'; ngldm_distance=1.0; ngldm_difference_level=0.0; ibsi_compliant=False",MIRP GLDZM value averaged over the four Nyxus 2D IBSI phantom slices.
GLDZM,GLDZM_LGLZE,0.371,0.37119708994709,0.00019708994708989,0.0531239749568437,5,PASS,mirp.dzm_lgze_2d,IBSI 2D phantom slices z1-z4 with corresponding Nyxus masks,"MIRP 2.6.0; base_feature_families=['gldzm','ngldm']; base_discretisation_method='none'; by_slice=True; gldzm_spatial_method='2d'; ngldm_spatial_method='2d'; ngldm_distance=1.0; ngldm_difference_level=0.0; ibsi_compliant=False",MIRP GLDZM value averaged over the four Nyxus 2D IBSI phantom slices.
GLDZM,GLDZM_HGLZE,16.4,16.4404761904762,0.0404761904761912,0.246806039488971,5,PASS,mirp.dzm_hgze_2d,IBSI 2D phantom slices z1-z4 with corresponding Nyxus masks,"MIRP 2.6.0; base_feature_families=['gldzm','ngldm']; base_discretisation_method='none'; by_slice=True; gldzm_spatial_method='2d'; ngldm_spatial_method='2d'; ngldm_distance=1.0; ngldm_difference_level=0.0; ibsi_compliant=False",MIRP GLDZM value averaged over the four Nyxus 2D IBSI phantom slices.
GLDZM,GLDZM_SDLGLE,0.347883597883598,0.367476851851852,0.019593253968254,5.63212927756654,5,MISMATCH,mirp.dzm_sdlge_2d,IBSI 2D phantom slices z1-z4 with corresponding Nyxus masks,"MIRP 2.6.0; base_feature_families=['gldzm','ngldm']; base_discretisation_method='none'; by_slice=True; gldzm_spatial_method='2d'; ngldm_spatial_method='2d'; ngldm_distance=1.0; ngldm_difference_level=0.0; ibsi_compliant=False",MIRP GLDZM value averaged over the four Nyxus 2D IBSI phantom slices.
GLDZM,GLDZM_SDHGLE,15.2,15.235119047619,0.0351190476190482,0.231046365914791,5,PASS,mirp.dzm_sdhge_2d,IBSI 2D phantom slices z1-z4 with corresponding Nyxus masks,"MIRP 2.6.0; base_feature_families=['gldzm','ngldm']; base_discretisation_method='none'; by_slice=True; gldzm_spatial_method='2d'; ngldm_spatial_method='2d'; ngldm_distance=1.0; ngldm_difference_level=0.0; ibsi_compliant=False",MIRP GLDZM value averaged over the four Nyxus 2D IBSI phantom slices.
GLDZM,GLDZM_LDLGLE,0.386,0.386078042328042,7.80423280422604e-05,0.0202182197000675,5,PASS,mirp.dzm_ldlge_2d,IBSI 2D phantom slices z1-z4 with corresponding Nyxus masks,"MIRP 2.6.0; base_feature_families=['gldzm','ngldm']; base_discretisation_method='none'; by_slice=True; gldzm_spatial_method='2d'; ngldm_spatial_method='2d'; ngldm_distance=1.0; ngldm_difference_level=0.0; ibsi_compliant=False",MIRP GLDZM value averaged over the four Nyxus 2D IBSI phantom slices.
GLDZM,GLDZM_LDHGLE,21.3,21.2619047619048,0.038095238095238,0.178850883076235,5,PASS,mirp.dzm_ldhge_2d,IBSI 2D phantom slices z1-z4 with corresponding Nyxus masks,"MIRP 2.6.0; base_feature_families=['gldzm','ngldm']; base_discretisation_method='none'; by_slice=True; gldzm_spatial_method='2d'; ngldm_spatial_method='2d'; ngldm_distance=1.0; ngldm_difference_level=0.0; ibsi_compliant=False",MIRP GLDZM value averaged over the four Nyxus 2D IBSI phantom slices.
GLDZM,GLDZM_GLNU,1.41,1.41428571428571,0.00428571428571445,0.303951367781167,5,PASS,mirp.dzm_glnu_2d,IBSI 2D phantom slices z1-z4 with corresponding Nyxus masks,"MIRP 2.6.0; base_feature_families=['gldzm','ngldm']; base_discretisation_method='none'; by_slice=True; gldzm_spatial_method='2d'; ngldm_spatial_method='2d'; ngldm_distance=1.0; ngldm_difference_level=0.0; ibsi_compliant=False",MIRP GLDZM value averaged over the four Nyxus 2D IBSI phantom slices.
GLDZM,GLDZM_GLNUN,0.323,0.322993197278912,6.80272108849467e-06,0.00210610560015315,5,PASS,mirp.dzm_glnu_norm_2d,IBSI 2D phantom slices z1-z4 with corresponding Nyxus masks,"MIRP 2.6.0; base_feature_families=['gldzm','ngldm']; base_discretisation_method='none'; by_slice=True; gldzm_spatial_method='2d'; ngldm_spatial_method='2d'; ngldm_distance=1.0; ngldm_difference_level=0.0; ibsi_compliant=False",MIRP GLDZM value averaged over the four Nyxus 2D IBSI phantom slices.
GLDZM,GLDZM_ZDNU,3.79,3.78571428571429,0.00428571428571445,0.113079532604603,5,PASS,mirp.dzm_zdnu_2d,IBSI 2D phantom slices z1-z4 with corresponding Nyxus masks,"MIRP 2.6.0; base_feature_families=['gldzm','ngldm']; base_discretisation_method='none'; by_slice=True; gldzm_spatial_method='2d'; ngldm_spatial_method='2d'; ngldm_distance=1.0; ngldm_difference_level=0.0; ibsi_compliant=False",MIRP GLDZM value averaged over the four Nyxus 2D IBSI phantom slices.
GLDZM,GLDZM_ZDNUN,0.898,0.897959183673469,4.08163265306349e-05,0.00454524794327783,5,PASS,mirp.dzm_zdnu_norm_2d,IBSI 2D phantom slices z1-z4 with corresponding Nyxus masks,"MIRP 2.6.0; base_feature_families=['gldzm','ngldm']; base_discretisation_method='none'; by_slice=True; gldzm_spatial_method='2d'; ngldm_spatial_method='2d'; ngldm_distance=1.0; ngldm_difference_level=0.0; ibsi_compliant=False",MIRP GLDZM value averaged over the four Nyxus 2D IBSI phantom slices.
GLDZM,GLDZM_ZP,0.24,0.240389576883385,0.000389576883384951,0.162323701410396,5,PASS,mirp.dzm_z_perc_2d,IBSI 2D phantom slices z1-z4 with corresponding Nyxus masks,"MIRP 2.6.0; base_feature_families=['gldzm','ngldm']; base_discretisation_method='none'; by_slice=True; gldzm_spatial_method='2d'; ngldm_spatial_method='2d'; ngldm_distance=1.0; ngldm_difference_level=0.0; ibsi_compliant=False",MIRP GLDZM value averaged over the four Nyxus 2D IBSI phantom slices.
GLDZM,GLDZM_GLV,3.97,3.96947845804989,0.000521541950113669,0.0131370768290597,5,PASS,mirp.dzm_gl_var_2d,IBSI 2D phantom slices z1-z4 with corresponding Nyxus masks,"MIRP 2.6.0; base_feature_families=['gldzm','ngldm']; base_discretisation_method='none'; by_slice=True; gldzm_spatial_method='2d'; ngldm_spatial_method='2d'; ngldm_distance=1.0; ngldm_difference_level=0.0; ibsi_compliant=False",MIRP GLDZM value averaged over the four Nyxus 2D IBSI phantom slices.
GLDZM,GLDZM_ZDV,0.0816326530612245,0.0510204081632653,0.0306122448979592,37.5,5,MISMATCH,mirp.dzm_zd_var_2d,IBSI 2D phantom slices z1-z4 with corresponding Nyxus masks,"MIRP 2.6.0; base_feature_families=['gldzm','ngldm']; base_discretisation_method='none'; by_slice=True; gldzm_spatial_method='2d'; ngldm_spatial_method='2d'; ngldm_distance=1.0; ngldm_difference_level=0.0; ibsi_compliant=False",MIRP GLDZM value averaged over the four Nyxus 2D IBSI phantom slices.
GLDZM,GLDZM_ZDE,1.73,1.73194486173968,0.00194486173967667,0.112419753738536,5,PASS,mirp.dzm_zd_entr_2d,IBSI 2D phantom slices z1-z4 with corresponding Nyxus masks,"MIRP 2.6.0; base_feature_families=['gldzm','ngldm']; base_discretisation_method='none'; by_slice=True; gldzm_spatial_method='2d'; ngldm_spatial_method='2d'; ngldm_distance=1.0; ngldm_difference_level=0.0; ibsi_compliant=False",MIRP GLDZM value averaged over the four Nyxus 2D IBSI phantom slices.
NGLDM,NGLDM_LDE,0.177261668556311,0.158070247385016,0.019191421171295,10.8266052822347,5,MISMATCH,mirp.ngl_lde_d1_a0.0_2d,IBSI 2D phantom slices z1-z4 with corresponding Nyxus masks,"MIRP 2.6.0; base_feature_families=['gldzm','ngldm']; base_discretisation_method='none'; by_slice=True; gldzm_spatial_method='2d'; ngldm_spatial_method='2d'; ngldm_distance=1.0; ngldm_difference_level=0.0; ibsi_compliant=False",MIRP NGLDM value averaged over the four Nyxus 2D IBSI phantom slices; compared against the active Nyxus regression constants.
NGLDM,NGLDM_HDE,19.0416666666667,19.1738218094255,0.132155142758862,0.694031384291615,5,PASS,mirp.ngl_hde_d1_a0.0_2d,IBSI 2D phantom slices z1-z4 with corresponding Nyxus masks,"MIRP 2.6.0; base_feature_families=['gldzm','ngldm']; base_discretisation_method='none'; by_slice=True; gldzm_spatial_method='2d'; ngldm_spatial_method='2d'; ngldm_distance=1.0; ngldm_difference_level=0.0; ibsi_compliant=False",MIRP NGLDM value averaged over the four Nyxus 2D IBSI phantom slices; compared against the active Nyxus regression constants.
NGLDM,NGLDM_LGLCE,0.715856481481482,0.701753191530023,0.0141032899514583,1.97012813549878,5,PASS,mirp.ngl_lgce_d1_a0.0_2d,IBSI 2D phantom slices z1-z4 with corresponding Nyxus masks,"MIRP 2.6.0; base_feature_families=['gldzm','ngldm']; base_discretisation_method='none'; by_slice=True; gldzm_spatial_method='2d'; ngldm_spatial_method='2d'; ngldm_distance=1.0; ngldm_difference_level=0.0; ibsi_compliant=False",MIRP NGLDM value averaged over the four Nyxus 2D IBSI phantom slices; compared against the active Nyxus regression constants.
NGLDM,NGLDM_HGLCE,5.04166666666667,7.48694960440316,2.4452829377365,48.501479756757,5,MISMATCH,mirp.ngl_hgce_d1_a0.0_2d,IBSI 2D phantom slices z1-z4 with corresponding Nyxus masks,"MIRP 2.6.0; base_feature_families=['gldzm','ngldm']; base_discretisation_method='none'; by_slice=True; gldzm_spatial_method='2d'; ngldm_spatial_method='2d'; ngldm_distance=1.0; ngldm_difference_level=0.0; ibsi_compliant=False",MIRP NGLDM value averaged over the four Nyxus 2D IBSI phantom slices; compared against the active Nyxus regression constants.
NGLDM,NGLDM_LDLGLE,0.0832223167044596,0.0472904986403675,0.0359318180640921,43.1757003253031,5,MISMATCH,mirp.ngl_ldlge_d1_a0.0_2d,IBSI 2D phantom slices z1-z4 with corresponding Nyxus masks,"MIRP 2.6.0; base_feature_families=['gldzm','ngldm']; base_discretisation_method='none'; by_slice=True; gldzm_spatial_method='2d'; ngldm_spatial_method='2d'; ngldm_distance=1.0; ngldm_difference_level=0.0; ibsi_compliant=False",MIRP NGLDM value averaged over the four Nyxus 2D IBSI phantom slices; compared against the active Nyxus regression constants.
NGLDM,NGLDM_LDHGLE,0.782941645408163,3.06491418013356,2.28197253472539,291.461381331396,5,MISMATCH,mirp.ngl_ldhge_d1_a0.0_2d,IBSI 2D phantom slices z1-z4 with corresponding Nyxus masks,"MIRP 2.6.0; base_feature_families=['gldzm','ngldm']; base_discretisation_method='none'; by_slice=True; gldzm_spatial_method='2d'; ngldm_spatial_method='2d'; ngldm_distance=1.0; ngldm_difference_level=0.0; ibsi_compliant=False",MIRP NGLDM value averaged over the four Nyxus 2D IBSI phantom slices; compared against the active Nyxus regression constants.
NGLDM,NGLDM_HDLGLE,26.025462962963,17.5996892080419,8.42577375492107,32.3751157353545,5,MISMATCH,mirp.ngl_hdlge_d1_a0.0_2d,IBSI 2D phantom slices z1-z4 with corresponding Nyxus masks,"MIRP 2.6.0; base_feature_families=['gldzm','ngldm']; base_discretisation_method='none'; by_slice=True; gldzm_spatial_method='2d'; ngldm_spatial_method='2d'; ngldm_distance=1.0; ngldm_difference_level=0.0; ibsi_compliant=False",MIRP NGLDM value averaged over the four Nyxus 2D IBSI phantom slices; compared against the active Nyxus regression constants.
NGLDM,NGLDM_HDHGLE,58.7916666666667,49.477721878225,9.31394478844168,15.842287379348,5,MISMATCH,mirp.ngl_hdhge_d1_a0.0_2d,IBSI 2D phantom slices z1-z4 with corresponding Nyxus masks,"MIRP 2.6.0; base_feature_families=['gldzm','ngldm']; base_discretisation_method='none'; by_slice=True; gldzm_spatial_method='2d'; ngldm_spatial_method='2d'; ngldm_distance=1.0; ngldm_difference_level=0.0; ibsi_compliant=False",MIRP NGLDM value averaged over the four Nyxus 2D IBSI phantom slices; compared against the active Nyxus regression constants.
NGLDM,NGLDM_GLNU,3.70833333333333,10.2463794289646,6.53804609563124,176.306861005786,5,MISMATCH,mirp.ngl_glnu_d1_a0.0_2d,IBSI 2D phantom slices z1-z4 with corresponding Nyxus masks,"MIRP 2.6.0; base_feature_families=['gldzm','ngldm']; base_discretisation_method='none'; by_slice=True; gldzm_spatial_method='2d'; ngldm_spatial_method='2d'; ngldm_distance=1.0; ngldm_difference_level=0.0; ibsi_compliant=False",MIRP NGLDM value averaged over the four Nyxus 2D IBSI phantom slices; compared against the active Nyxus regression constants.
NGLDM,NGLDM_GLNUN,0.618055555555556,0.56186049630626,0.0561950592492955,9.09223430550398,5,MISMATCH,mirp.ngl_glnu_norm_d1_a0.0_2d,IBSI 2D phantom slices z1-z4 with corresponding Nyxus masks,"MIRP 2.6.0; base_feature_families=['gldzm','ngldm']; base_discretisation_method='none'; by_slice=True; gldzm_spatial_method='2d'; ngldm_spatial_method='2d'; ngldm_distance=1.0; ngldm_difference_level=0.0; ibsi_compliant=False",MIRP NGLDM value averaged over the four Nyxus 2D IBSI phantom slices; compared against the active Nyxus regression constants.
NGLDM,NGLDM_DCNU,3.70833333333333,3.96464568283454,0.256312349501204,6.9117936944145,5,MISMATCH,mirp.ngl_dcnu_d1_a0.0_2d,IBSI 2D phantom slices z1-z4 with corresponding Nyxus masks,"MIRP 2.6.0; base_feature_families=['gldzm','ngldm']; base_discretisation_method='none'; by_slice=True; gldzm_spatial_method='2d'; ngldm_spatial_method='2d'; ngldm_distance=1.0; ngldm_difference_level=0.0; ibsi_compliant=False",MIRP NGLDM value averaged over the four Nyxus 2D IBSI phantom slices; compared against the active Nyxus regression constants.
NGLDM,NGLDM_DCNUN,0.618055555555556,0.211772180604117,0.406283374951439,65.7357370707946,5,MISMATCH,mirp.ngl_dcnu_norm_d1_a0.0_2d,IBSI 2D phantom slices z1-z4 with corresponding Nyxus masks,"MIRP 2.6.0; base_feature_families=['gldzm','ngldm']; base_discretisation_method='none'; by_slice=True; gldzm_spatial_method='2d'; ngldm_spatial_method='2d'; ngldm_distance=1.0; ngldm_difference_level=0.0; ibsi_compliant=False",MIRP NGLDM value averaged over the four Nyxus 2D IBSI phantom slices; compared against the active Nyxus regression constants.
NGLDM,NGLDM_DCP,1,1,0,0,5,PASS,mirp.ngl_dc_perc_d1_a0.0_2d,IBSI 2D phantom slices z1-z4 with corresponding Nyxus masks,"MIRP 2.6.0; base_feature_families=['gldzm','ngldm']; base_discretisation_method='none'; by_slice=True; gldzm_spatial_method='2d'; ngldm_spatial_method='2d'; ngldm_distance=1.0; ngldm_difference_level=0.0; ibsi_compliant=False",MIRP NGLDM value averaged over the four Nyxus 2D IBSI phantom slices; compared against the active Nyxus regression constants.
NGLDM,NGLDM_GLV,1.69097222222222,2.7037332451478,1.01276102292558,59.8922329779396,5,MISMATCH,mirp.ngl_gl_var_d1_a0.0_2d,IBSI 2D phantom slices z1-z4 with corresponding Nyxus masks,"MIRP 2.6.0; base_feature_families=['gldzm','ngldm']; base_discretisation_method='none'; by_slice=True; gldzm_spatial_method='2d'; ngldm_spatial_method='2d'; ngldm_distance=1.0; ngldm_difference_level=0.0; ibsi_compliant=False",MIRP NGLDM value averaged over the four Nyxus 2D IBSI phantom slices; compared against the active Nyxus regression constants.
NGLDM,NGLDM_DCV,1.6087962962963,2.72950457739991,1.12070828110362,69.6612917175198,5,MISMATCH,mirp.ngl_dc_var_d1_a0.0_2d,IBSI 2D phantom slices z1-z4 with corresponding Nyxus masks,"MIRP 2.6.0; base_feature_families=['gldzm','ngldm']; base_discretisation_method='none'; by_slice=True; gldzm_spatial_method='2d'; ngldm_spatial_method='2d'; ngldm_distance=1.0; ngldm_difference_level=0.0; ibsi_compliant=False",MIRP NGLDM value averaged over the four Nyxus 2D IBSI phantom slices; compared against the active Nyxus regression constants.
NGLDM,NGLDM_DCENT,1.73038854220753,2.71429242328155,0.983903881074016,56.8602864082078,5,MISMATCH,mirp.ngl_dc_entr_d1_a0.0_2d,IBSI 2D phantom slices z1-z4 with corresponding Nyxus masks,"MIRP 2.6.0; base_feature_families=['gldzm','ngldm']; base_discretisation_method='none'; by_slice=True; gldzm_spatial_method='2d'; ngldm_spatial_method='2d'; ngldm_distance=1.0; ngldm_difference_level=0.0; ibsi_compliant=False",MIRP NGLDM value averaged over the four Nyxus 2D IBSI phantom slices; compared against the active Nyxus regression constants.
NGLDM,NGLDM_DCENE,0.243055555555556,0.170252097501624,0.0728034580539317,29.9534227421891,5,MISMATCH,mirp.ngl_dc_energy_d1_a0.0_2d,IBSI 2D phantom slices z1-z4 with corresponding Nyxus masks,"MIRP 2.6.0; base_feature_families=['gldzm','ngldm']; base_discretisation_method='none'; by_slice=True; gldzm_spatial_method='2d'; ngldm_spatial_method='2d'; ngldm_distance=1.0; ngldm_difference_level=0.0; ibsi_compliant=False",MIRP NGLDM value averaged over the four Nyxus 2D IBSI phantom slices; compared against the active Nyxus regression constants.
