Family,Feature,Expected,PyRadiomicsValue,AbsDiff,RelDiffPct,TolerancePct,Status,OracleFeature,ImageSource,Settings,Note
First-order intensity,ENTROPY,4.12733,3.05337968839067,1.07395031160933,26.0204614511,5,MISMATCH,RadiomicsFirstOrder.Entropy,pixelIntensityFeaturesTestData ROI pixels,"{'binCount': 9, 'voxelArrayShift': 0}",PyRadiomics first-order feature with Nyxus-documented histogram setting where applicable.
First-order intensity,UNIFORMITY,0.0647664,0.0135773317591499,0.0511890682408501,79.0364575472,5,MISMATCH,RadiomicsFirstOrder.Uniformity,pixelIntensityFeaturesTestData ROI pixels,"{'binCount': 256, 'voxelArrayShift': 0}",PyRadiomics first-order feature with Nyxus-documented histogram setting where applicable.
First-order intensity,ROBUST_MEAN_ABSOLUTE_DEVIATION,10440.618496,10440.618496,1.81898940354586e-12,1.74222380048e-14,5,PASS,RadiomicsFirstOrder.RobustMeanAbsoluteDeviation,pixelIntensityFeaturesTestData ROI pixels,"{'binWidth': 25, 'voxelArrayShift': 0}",PyRadiomics first-order feature with Nyxus-documented histogram setting where applicable.
GLCM,GLCM_ACOR,1340.1234375,980.581770833333,359.541666666667,26.8289962406,5,MISMATCH,RadiomicsGLCM.Autocorrelation,"IBSI 2D phantom slices, Nyxus MATLAB-style 100-level binning, AABB background included","{'binWidth': 1, 'force2D': True, 'force2Ddimension': 0, 'distances': [1], 'symmetricalGLCM': False}",PyRadiomics GLCM value averaged over the four Nyxus 2D phantom slices.
GLCM,GLCM_ASM,0.287673611111111,0.287673611111111,0,0,5,PASS,RadiomicsGLCM.JointEnergy,"IBSI 2D phantom slices, Nyxus MATLAB-style 100-level binning, AABB background included","{'binWidth': 1, 'force2D': True, 'force2Ddimension': 0, 'distances': [1], 'symmetricalGLCM': False}",PyRadiomics GLCM value averaged over the four Nyxus 2D phantom slices.
GLCM,GLCM_CLUPROM,6401030.04584858,6441263.83922709,40233.7933785105,0.628551859471,5,PASS,RadiomicsGLCM.ClusterProminence,"IBSI 2D phantom slices, Nyxus MATLAB-style 100-level binning, AABB background included","{'binWidth': 1, 'force2D': True, 'force2Ddimension': 0, 'distances': [1], 'symmetricalGLCM': False}",PyRadiomics GLCM value averaged over the four Nyxus 2D phantom slices.
GLCM,GLCM_CLUSHADE,20646.0840086806,34117.8690711805,13471.7850625,65.2510425553,5,MISMATCH,RadiomicsGLCM.ClusterShade,"IBSI 2D phantom slices, Nyxus MATLAB-style 100-level binning, AABB background included","{'binWidth': 1, 'force2D': True, 'force2Ddimension': 0, 'distances': [1], 'symmetricalGLCM': False}",PyRadiomics GLCM value averaged over the four Nyxus 2D phantom slices.
GLCM,GLCM_CLUTEND,1563.90420572917,1535.90890625,27.9952994791665,1.79009042732,5,PASS,RadiomicsGLCM.ClusterTendency,"IBSI 2D phantom slices, Nyxus MATLAB-style 100-level binning, AABB background included","{'binWidth': 1, 'force2D': True, 'force2Ddimension': 0, 'distances': [1], 'symmetricalGLCM': False}",PyRadiomics GLCM value averaged over the four Nyxus 2D phantom slices.
GLCM,GLCM_CONTRAST,1444.81302083333,1444.81302083333,2.27373675443232e-13,1.57372388098e-14,5,PASS,RadiomicsGLCM.Contrast,"IBSI 2D phantom slices, Nyxus MATLAB-style 100-level binning, AABB background included","{'binWidth': 1, 'force2D': True, 'force2Ddimension': 0, 'distances': [1], 'symmetricalGLCM': False}",PyRadiomics GLCM value averaged over the four Nyxus 2D phantom slices.
GLCM,GLCM_CORRELATION,0.0100955244300025,0.0100955244300025,8.67361737988404e-18,8.59154711578e-14,5,PASS,RadiomicsGLCM.Correlation,"IBSI 2D phantom slices, Nyxus MATLAB-style 100-level binning, AABB background included","{'binWidth': 1, 'force2D': True, 'force2Ddimension': 0, 'distances': [1], 'symmetricalGLCM': False}",PyRadiomics GLCM value averaged over the four Nyxus 2D phantom slices.
GLCM,GLCM_DIFAVE,24.3302083333333,24.3302083333333,0,0,5,PASS,RadiomicsGLCM.DifferenceAverage,"IBSI 2D phantom slices, Nyxus MATLAB-style 100-level binning, AABB background included","{'binWidth': 1, 'force2D': True, 'force2Ddimension': 0, 'distances': [1], 'symmetricalGLCM': False}",PyRadiomics GLCM value averaged over the four Nyxus 2D phantom slices.
GLCM,GLCM_DIFENTRO,1.75274970193236,1.75274970190918,2.31805685757536e-11,1.3225258889e-09,5,PASS,RadiomicsGLCM.DifferenceEntropy,"IBSI 2D phantom slices, Nyxus MATLAB-style 100-level binning, AABB background included","{'binWidth': 1, 'force2D': True, 'force2Ddimension': 0, 'distances': [1], 'symmetricalGLCM': False}",PyRadiomics GLCM value averaged over the four Nyxus 2D phantom slices.
GLCM,GLCM_DIFVAR,771.579565972222,771.579565972222,0,0,5,PASS,RadiomicsGLCM.DifferenceVariance,"IBSI 2D phantom slices, Nyxus MATLAB-style 100-level binning, AABB background included","{'binWidth': 1, 'force2D': True, 'force2Ddimension': 0, 'distances': [1], 'symmetricalGLCM': False}",PyRadiomics GLCM value averaged over the four Nyxus 2D phantom slices.
GLCM,GLCM_DIS,24.3302083333333,24.3302083333333,7.105427357601e-15,2.92041369324e-14,5,PASS,RadiomicsGLCM.DifferenceAverage,"IBSI 2D phantom slices, Nyxus MATLAB-style 100-level binning, AABB background included","{'binWidth': 1, 'force2D': True, 'force2Ddimension': 0, 'distances': [1], 'symmetricalGLCM': False}",PyRadiomics GLCM value averaged over the four Nyxus 2D phantom slices.
GLCM,GLCM_ENERGY,0.287673611111111,0.287673611111111,0,0,5,PASS,RadiomicsGLCM.JointEnergy,"IBSI 2D phantom slices, Nyxus MATLAB-style 100-level binning, AABB background included","{'binWidth': 1, 'force2D': True, 'force2Ddimension': 0, 'distances': [1], 'symmetricalGLCM': False}",PyRadiomics GLCM value averaged over the four Nyxus 2D phantom slices.
GLCM,GLCM_ENTROPY,-20.9435645802886,2.26391119803231,23.2074757783209,110.809579188,5,MISMATCH,RadiomicsGLCM.JointEntropy,"IBSI 2D phantom slices, Nyxus MATLAB-style 100-level binning, AABB background included","{'binWidth': 1, 'force2D': True, 'force2Ddimension': 0, 'distances': [1], 'symmetricalGLCM': False}",PyRadiomics GLCM value averaged over the four Nyxus 2D phantom slices.
GLCM,GLCM_HOM1,0.51027480278492,0.51027480278492,0,0,5,PASS,RadiomicsGLCM.Id,"IBSI 2D phantom slices, Nyxus MATLAB-style 100-level binning, AABB background included","{'binWidth': 1, 'force2D': True, 'force2Ddimension': 0, 'distances': [1], 'symmetricalGLCM': False}",PyRadiomics GLCM value averaged over the four Nyxus 2D phantom slices.
GLCM,GLCM_HOM2,6.94497889226485,0.497175137255311,6.44780375500954,92.841228966,5,MISMATCH,RadiomicsGLCM.Idm,"IBSI 2D phantom slices, Nyxus MATLAB-style 100-level binning, AABB background included","{'binWidth': 1, 'force2D': True, 'force2Ddimension': 0, 'distances': [1], 'symmetricalGLCM': False}",PyRadiomics GLCM value averaged over the four Nyxus 2D phantom slices.
GLCM,GLCM_ID,0.51027480278492,0.51027480278492,0,0,5,PASS,RadiomicsGLCM.Id,"IBSI 2D phantom slices, Nyxus MATLAB-style 100-level binning, AABB background included","{'binWidth': 1, 'force2D': True, 'force2Ddimension': 0, 'distances': [1], 'symmetricalGLCM': False}",PyRadiomics GLCM value averaged over the four Nyxus 2D phantom slices.
GLCM,GLCM_IDN,0.844321003081244,0.838297067359338,0.00602393572190563,0.713465103903,5,PASS,RadiomicsGLCM.Idn,"IBSI 2D phantom slices, Nyxus MATLAB-style 100-level binning, AABB background included","{'binWidth': 1, 'force2D': True, 'force2Ddimension': 0, 'distances': [1], 'symmetricalGLCM': False}",PyRadiomics GLCM value averaged over the four Nyxus 2D phantom slices.
GLCM,GLCM_IDM,0.497175137255311,0.497175137255311,0,0,5,PASS,RadiomicsGLCM.Idm,"IBSI 2D phantom slices, Nyxus MATLAB-style 100-level binning, AABB background included","{'binWidth': 1, 'force2D': True, 'force2Ddimension': 0, 'distances': [1], 'symmetricalGLCM': False}",PyRadiomics GLCM value averaged over the four Nyxus 2D phantom slices.
GLCM,GLCM_IDMN,0.900291520055316,0.891295483737646,0.0089960363176701,0.999235927171,5,PASS,RadiomicsGLCM.Idmn,"IBSI 2D phantom slices, Nyxus MATLAB-style 100-level binning, AABB background included","{'binWidth': 1, 'force2D': True, 'force2Ddimension': 0, 'distances': [1], 'symmetricalGLCM': False}",PyRadiomics GLCM value averaged over the four Nyxus 2D phantom slices.
GLCM,GLCM_INFOMEAS1,-0.239130676391214,-0.203316770999657,0.0358139053915574,14.9767089409,5,MISMATCH,RadiomicsGLCM.Imc1,"IBSI 2D phantom slices, Nyxus MATLAB-style 100-level binning, AABB background included","{'binWidth': 1, 'force2D': True, 'force2Ddimension': 0, 'distances': [1], 'symmetricalGLCM': False}",PyRadiomics GLCM value averaged over the four Nyxus 2D phantom slices.
GLCM,GLCM_INFOMEAS2,0.599721973353357,0.599721973350713,2.64388511084235e-12,4.40851799386e-10,5,PASS,RadiomicsGLCM.Imc2,"IBSI 2D phantom slices, Nyxus MATLAB-style 100-level binning, AABB background included","{'binWidth': 1, 'force2D': True, 'force2Ddimension': 0, 'distances': [1], 'symmetricalGLCM': False}",PyRadiomics GLCM value averaged over the four Nyxus 2D phantom slices.
GLCM,GLCM_IV,0.000562167088935826,0.000562167088935826,0,0,5,PASS,RadiomicsGLCM.InverseVariance,"IBSI 2D phantom slices, Nyxus MATLAB-style 100-level binning, AABB background included","{'binWidth': 1, 'force2D': True, 'force2Ddimension': 0, 'distances': [1], 'symmetricalGLCM': False}",PyRadiomics GLCM value averaged over the four Nyxus 2D phantom slices.
GLCM,GLCM_JAVE,33.01484375,29.01484375,4,12.1157623228,5,MISMATCH,RadiomicsGLCM.JointAverage,"IBSI 2D phantom slices, Nyxus MATLAB-style 100-level binning, AABB background included","{'binWidth': 1, 'force2D': True, 'force2Ddimension': 0, 'distances': [1], 'symmetricalGLCM': False}",PyRadiomics GLCM value averaged over the four Nyxus 2D phantom slices.
GLCM,GLCM_JE,2.26391119806226,2.26391119803231,2.99413827065109e-11,1.3225511112e-09,5,PASS,RadiomicsGLCM.JointEntropy,"IBSI 2D phantom slices, Nyxus MATLAB-style 100-level binning, AABB background included","{'binWidth': 1, 'force2D': True, 'force2Ddimension': 0, 'distances': [1], 'symmetricalGLCM': False}",PyRadiomics GLCM value averaged over the four Nyxus 2D phantom slices.
GLCM,GLCM_JMAX,0.447135416666667,0.447135416666667,0,0,5,PASS,RadiomicsGLCM.MaximumProbability,"IBSI 2D phantom slices, Nyxus MATLAB-style 100-level binning, AABB background included","{'binWidth': 1, 'force2D': True, 'force2Ddimension': 0, 'distances': [1], 'symmetricalGLCM': False}",PyRadiomics GLCM value averaged over the four Nyxus 2D phantom slices.
GLCM,GLCM_JVAR,818.560734592014,685.797878689236,132.762855902778,16.2190599051,5,MISMATCH,RadiomicsGLCM.SumSquares,"IBSI 2D phantom slices, Nyxus MATLAB-style 100-level binning, AABB background included","{'binWidth': 1, 'force2D': True, 'force2Ddimension': 0, 'distances': [1], 'symmetricalGLCM': False}",PyRadiomics GLCM value averaged over the four Nyxus 2D phantom slices.
GLCM,GLCM_SUMAVERAGE,68.28125,60.28125,8,11.7162471396,5,MISMATCH,RadiomicsGLCM.SumAverage,"IBSI 2D phantom slices, Nyxus MATLAB-style 100-level binning, AABB background included","{'binWidth': 1, 'force2D': True, 'force2Ddimension': 0, 'distances': [1], 'symmetricalGLCM': False}",PyRadiomics GLCM value averaged over the four Nyxus 2D phantom slices.
GLCM,GLCM_SUMENTROPY,1.95548387051379,1.95548387048793,2.58622012694332e-11,1.32254740933e-09,5,PASS,RadiomicsGLCM.SumEntropy,"IBSI 2D phantom slices, Nyxus MATLAB-style 100-level binning, AABB background included","{'binWidth': 1, 'force2D': True, 'force2Ddimension': 0, 'distances': [1], 'symmetricalGLCM': False}",PyRadiomics GLCM value averaged over the four Nyxus 2D phantom slices.
GLCM,GLCM_SUMVARIANCE,1563.90420572917,1535.90890625,27.9952994791665,1.79009042732,5,PASS,RadiomicsGLCM.ClusterTendency,"IBSI 2D phantom slices, Nyxus MATLAB-style 100-level binning, AABB background included","{'binWidth': 1, 'force2D': True, 'force2Ddimension': 0, 'distances': [1], 'symmetricalGLCM': False}",PyRadiomics GLCM value averaged over the four Nyxus 2D phantom slices.
GLCM,GLCM_VARIANCE,685.797878689236,685.797878689236,0,0,5,PASS,RadiomicsGLCM.SumSquares,"IBSI 2D phantom slices, Nyxus MATLAB-style 100-level binning, AABB background included","{'binWidth': 1, 'force2D': True, 'force2Ddimension': 0, 'distances': [1], 'symmetricalGLCM': False}",PyRadiomics GLCM value averaged over the four Nyxus 2D phantom slices.
GLCM,GLCM_ACOR_AVE,1340.1234375,980.581770833333,359.541666666667,26.8289962406,5,MISMATCH,RadiomicsGLCM.Autocorrelation,"IBSI 2D phantom slices, Nyxus MATLAB-style 100-level binning, AABB background included","{'binWidth': 1, 'force2D': True, 'force2Ddimension': 0, 'distances': [1], 'symmetricalGLCM': False}",Nyxus _AVE row uses the same asserted test value as the base feature.
GLCM,GLCM_ASM_AVE,0.287673611111111,0.287673611111111,0,0,5,PASS,RadiomicsGLCM.JointEnergy,"IBSI 2D phantom slices, Nyxus MATLAB-style 100-level binning, AABB background included","{'binWidth': 1, 'force2D': True, 'force2Ddimension': 0, 'distances': [1], 'symmetricalGLCM': False}",Nyxus _AVE row uses the same asserted test value as the base feature.
GLCM,GLCM_CLUPROM_AVE,6401030.04584858,6441263.83922709,40233.7933785105,0.628551859471,5,PASS,RadiomicsGLCM.ClusterProminence,"IBSI 2D phantom slices, Nyxus MATLAB-style 100-level binning, AABB background included","{'binWidth': 1, 'force2D': True, 'force2Ddimension': 0, 'distances': [1], 'symmetricalGLCM': False}",Nyxus _AVE row uses the same asserted test value as the base feature.
GLCM,GLCM_CLUSHADE_AVE,20646.0840086806,34117.8690711805,13471.7850625,65.2510425553,5,MISMATCH,RadiomicsGLCM.ClusterShade,"IBSI 2D phantom slices, Nyxus MATLAB-style 100-level binning, AABB background included","{'binWidth': 1, 'force2D': True, 'force2Ddimension': 0, 'distances': [1], 'symmetricalGLCM': False}",Nyxus _AVE row uses the same asserted test value as the base feature.
GLCM,GLCM_CLUTEND_AVE,1563.90420572917,1535.90890625,27.9952994791665,1.79009042732,5,PASS,RadiomicsGLCM.ClusterTendency,"IBSI 2D phantom slices, Nyxus MATLAB-style 100-level binning, AABB background included","{'binWidth': 1, 'force2D': True, 'force2Ddimension': 0, 'distances': [1], 'symmetricalGLCM': False}",Nyxus _AVE row uses the same asserted test value as the base feature.
GLCM,GLCM_CONTRAST_AVE,1444.81302083333,1444.81302083333,2.27373675443232e-13,1.57372388098e-14,5,PASS,RadiomicsGLCM.Contrast,"IBSI 2D phantom slices, Nyxus MATLAB-style 100-level binning, AABB background included","{'binWidth': 1, 'force2D': True, 'force2Ddimension': 0, 'distances': [1], 'symmetricalGLCM': False}",Nyxus _AVE row uses the same asserted test value as the base feature.
GLCM,GLCM_CORRELATION_AVE,0.0100955244300025,0.0100955244300025,8.67361737988404e-18,8.59154711578e-14,5,PASS,RadiomicsGLCM.Correlation,"IBSI 2D phantom slices, Nyxus MATLAB-style 100-level binning, AABB background included","{'binWidth': 1, 'force2D': True, 'force2Ddimension': 0, 'distances': [1], 'symmetricalGLCM': False}",Nyxus _AVE row uses the same asserted test value as the base feature.
GLCM,GLCM_DIFAVE_AVE,24.3302083333333,24.3302083333333,0,0,5,PASS,RadiomicsGLCM.DifferenceAverage,"IBSI 2D phantom slices, Nyxus MATLAB-style 100-level binning, AABB background included","{'binWidth': 1, 'force2D': True, 'force2Ddimension': 0, 'distances': [1], 'symmetricalGLCM': False}",Nyxus _AVE row uses the same asserted test value as the base feature.
GLCM,GLCM_DIFENTRO_AVE,1.75274970193236,1.75274970190918,2.31805685757536e-11,1.3225258889e-09,5,PASS,RadiomicsGLCM.DifferenceEntropy,"IBSI 2D phantom slices, Nyxus MATLAB-style 100-level binning, AABB background included","{'binWidth': 1, 'force2D': True, 'force2Ddimension': 0, 'distances': [1], 'symmetricalGLCM': False}",Nyxus _AVE row uses the same asserted test value as the base feature.
GLCM,GLCM_DIFVAR_AVE,771.579565972222,771.579565972222,0,0,5,PASS,RadiomicsGLCM.DifferenceVariance,"IBSI 2D phantom slices, Nyxus MATLAB-style 100-level binning, AABB background included","{'binWidth': 1, 'force2D': True, 'force2Ddimension': 0, 'distances': [1], 'symmetricalGLCM': False}",Nyxus _AVE row uses the same asserted test value as the base feature.
GLCM,GLCM_DIS_AVE,24.3302083333333,24.3302083333333,7.105427357601e-15,2.92041369324e-14,5,PASS,RadiomicsGLCM.DifferenceAverage,"IBSI 2D phantom slices, Nyxus MATLAB-style 100-level binning, AABB background included","{'binWidth': 1, 'force2D': True, 'force2Ddimension': 0, 'distances': [1], 'symmetricalGLCM': False}",Nyxus _AVE row uses the same asserted test value as the base feature.
GLCM,GLCM_ENERGY_AVE,0.287673611111111,0.287673611111111,0,0,5,PASS,RadiomicsGLCM.JointEnergy,"IBSI 2D phantom slices, Nyxus MATLAB-style 100-level binning, AABB background included","{'binWidth': 1, 'force2D': True, 'force2Ddimension': 0, 'distances': [1], 'symmetricalGLCM': False}",Nyxus _AVE row uses the same asserted test value as the base feature.
GLCM,GLCM_ENTROPY_AVE,-20.9435645802886,2.26391119803231,23.2074757783209,110.809579188,5,MISMATCH,RadiomicsGLCM.JointEntropy,"IBSI 2D phantom slices, Nyxus MATLAB-style 100-level binning, AABB background included","{'binWidth': 1, 'force2D': True, 'force2Ddimension': 0, 'distances': [1], 'symmetricalGLCM': False}",Nyxus _AVE row uses the same asserted test value as the base feature.
GLCM,GLCM_HOM1_AVE,0.51027480278492,0.51027480278492,0,0,5,PASS,RadiomicsGLCM.Id,"IBSI 2D phantom slices, Nyxus MATLAB-style 100-level binning, AABB background included","{'binWidth': 1, 'force2D': True, 'force2Ddimension': 0, 'distances': [1], 'symmetricalGLCM': False}",Nyxus _AVE row uses the same asserted test value as the base feature.
GLCM,GLCM_ID_AVE,0.51027480278492,0.51027480278492,0,0,5,PASS,RadiomicsGLCM.Id,"IBSI 2D phantom slices, Nyxus MATLAB-style 100-level binning, AABB background included","{'binWidth': 1, 'force2D': True, 'force2Ddimension': 0, 'distances': [1], 'symmetricalGLCM': False}",Nyxus _AVE row uses the same asserted test value as the base feature.
GLCM,GLCM_IDN_AVE,0.844321003081244,0.838297067359338,0.00602393572190563,0.713465103903,5,PASS,RadiomicsGLCM.Idn,"IBSI 2D phantom slices, Nyxus MATLAB-style 100-level binning, AABB background included","{'binWidth': 1, 'force2D': True, 'force2Ddimension': 0, 'distances': [1], 'symmetricalGLCM': False}",Nyxus _AVE row uses the same asserted test value as the base feature.
GLCM,GLCM_IDM_AVE,0.497175137255311,0.497175137255311,0,0,5,PASS,RadiomicsGLCM.Idm,"IBSI 2D phantom slices, Nyxus MATLAB-style 100-level binning, AABB background included","{'binWidth': 1, 'force2D': True, 'force2Ddimension': 0, 'distances': [1], 'symmetricalGLCM': False}",Nyxus _AVE row uses the same asserted test value as the base feature.
GLCM,GLCM_IDMN_AVE,0.900291520055316,0.891295483737646,0.0089960363176701,0.999235927171,5,PASS,RadiomicsGLCM.Idmn,"IBSI 2D phantom slices, Nyxus MATLAB-style 100-level binning, AABB background included","{'binWidth': 1, 'force2D': True, 'force2Ddimension': 0, 'distances': [1], 'symmetricalGLCM': False}",Nyxus _AVE row uses the same asserted test value as the base feature.
GLCM,GLCM_INFOMEAS1_AVE,-0.239130676391214,-0.203316770999657,0.0358139053915574,14.9767089409,5,MISMATCH,RadiomicsGLCM.Imc1,"IBSI 2D phantom slices, Nyxus MATLAB-style 100-level binning, AABB background included","{'binWidth': 1, 'force2D': True, 'force2Ddimension': 0, 'distances': [1], 'symmetricalGLCM': False}",Nyxus _AVE row uses the same asserted test value as the base feature.
GLCM,GLCM_INFOMEAS2_AVE,0.599721973353357,0.599721973350713,2.64388511084235e-12,4.40851799386e-10,5,PASS,RadiomicsGLCM.Imc2,"IBSI 2D phantom slices, Nyxus MATLAB-style 100-level binning, AABB background included","{'binWidth': 1, 'force2D': True, 'force2Ddimension': 0, 'distances': [1], 'symmetricalGLCM': False}",Nyxus _AVE row uses the same asserted test value as the base feature.
GLCM,GLCM_IV_AVE,0.000562167088935826,0.000562167088935826,0,0,5,PASS,RadiomicsGLCM.InverseVariance,"IBSI 2D phantom slices, Nyxus MATLAB-style 100-level binning, AABB background included","{'binWidth': 1, 'force2D': True, 'force2Ddimension': 0, 'distances': [1], 'symmetricalGLCM': False}",Nyxus _AVE row uses the same asserted test value as the base feature.
GLCM,GLCM_JAVE_AVE,33.01484375,29.01484375,4,12.1157623228,5,MISMATCH,RadiomicsGLCM.JointAverage,"IBSI 2D phantom slices, Nyxus MATLAB-style 100-level binning, AABB background included","{'binWidth': 1, 'force2D': True, 'force2Ddimension': 0, 'distances': [1], 'symmetricalGLCM': False}",Nyxus _AVE row uses the same asserted test value as the base feature.
GLCM,GLCM_JE_AVE,2.26391119806226,2.26391119803231,2.99413827065109e-11,1.3225511112e-09,5,PASS,RadiomicsGLCM.JointEntropy,"IBSI 2D phantom slices, Nyxus MATLAB-style 100-level binning, AABB background included","{'binWidth': 1, 'force2D': True, 'force2Ddimension': 0, 'distances': [1], 'symmetricalGLCM': False}",Nyxus _AVE row uses the same asserted test value as the base feature.
GLCM,GLCM_JMAX_AVE,0.447135416666667,0.447135416666667,0,0,5,PASS,RadiomicsGLCM.MaximumProbability,"IBSI 2D phantom slices, Nyxus MATLAB-style 100-level binning, AABB background included","{'binWidth': 1, 'force2D': True, 'force2Ddimension': 0, 'distances': [1], 'symmetricalGLCM': False}",Nyxus _AVE row uses the same asserted test value as the base feature.
GLCM,GLCM_JVAR_AVE,818.560734592014,685.797878689236,132.762855902778,16.2190599051,5,MISMATCH,RadiomicsGLCM.SumSquares,"IBSI 2D phantom slices, Nyxus MATLAB-style 100-level binning, AABB background included","{'binWidth': 1, 'force2D': True, 'force2Ddimension': 0, 'distances': [1], 'symmetricalGLCM': False}",Nyxus _AVE row uses the same asserted test value as the base feature.
GLCM,GLCM_SUMAVERAGE_AVE,68.28125,60.28125,8,11.7162471396,5,MISMATCH,RadiomicsGLCM.SumAverage,"IBSI 2D phantom slices, Nyxus MATLAB-style 100-level binning, AABB background included","{'binWidth': 1, 'force2D': True, 'force2Ddimension': 0, 'distances': [1], 'symmetricalGLCM': False}",Nyxus _AVE row uses the same asserted test value as the base feature.
GLCM,GLCM_SUMENTROPY_AVE,1.95548387051379,1.95548387048793,2.58622012694332e-11,1.32254740933e-09,5,PASS,RadiomicsGLCM.SumEntropy,"IBSI 2D phantom slices, Nyxus MATLAB-style 100-level binning, AABB background included","{'binWidth': 1, 'force2D': True, 'force2Ddimension': 0, 'distances': [1], 'symmetricalGLCM': False}",Nyxus _AVE row uses the same asserted test value as the base feature.
GLCM,GLCM_SUMVARIANCE_AVE,1563.90420572917,1535.90890625,27.9952994791665,1.79009042732,5,PASS,RadiomicsGLCM.ClusterTendency,"IBSI 2D phantom slices, Nyxus MATLAB-style 100-level binning, AABB background included","{'binWidth': 1, 'force2D': True, 'force2Ddimension': 0, 'distances': [1], 'symmetricalGLCM': False}",Nyxus _AVE row uses the same asserted test value as the base feature.
GLCM,GLCM_VARIANCE_AVE,685.797878689236,685.797878689236,0,0,5,PASS,RadiomicsGLCM.SumSquares,"IBSI 2D phantom slices, Nyxus MATLAB-style 100-level binning, AABB background included","{'binWidth': 1, 'force2D': True, 'force2Ddimension': 0, 'distances': [1], 'symmetricalGLCM': False}",Nyxus _AVE row uses the same asserted test value as the base feature.
GLRLM,GLRLM_SRE,0.677679,0.677679589660748,5.89660747674081e-07,8.70118076072e-05,5,PASS,RadiomicsGLRLM.ShortRunEmphasis,"IBSI 2D phantom slices, Nyxus MATLAB-style 100-level binning, AABB background included","{'binWidth': 1, 'force2D': True, 'force2Ddimension': 0, 'distances': [1], 'symmetricalGLCM': False}",PyRadiomics GLRLM value averaged over the four Nyxus 2D phantom slices.
GLRLM,GLRLM_SRE_AVE,0.677679,0.677679589660748,5.89660747674081e-07,8.70118076072e-05,5,PASS,RadiomicsGLRLM.ShortRunEmphasis,"IBSI 2D phantom slices, Nyxus MATLAB-style 100-level binning, AABB background included","{'binWidth': 1, 'force2D': True, 'force2Ddimension': 0, 'distances': [1], 'symmetricalGLCM': False}",Nyxus _AVE row uses the same asserted test value as the base feature.
GLRLM,GLRLM_LRE,3.41805,3.41805988129518,9.88129517498493e-06,0.000289091592428,5,PASS,RadiomicsGLRLM.LongRunEmphasis,"IBSI 2D phantom slices, Nyxus MATLAB-style 100-level binning, AABB background included","{'binWidth': 1, 'force2D': True, 'force2Ddimension': 0, 'distances': [1], 'symmetricalGLCM': False}",PyRadiomics GLRLM value averaged over the four Nyxus 2D phantom slices.
GLRLM,GLRLM_LRE_AVE,3.41805,3.41805988129518,9.88129517498493e-06,0.000289091592428,5,PASS,RadiomicsGLRLM.LongRunEmphasis,"IBSI 2D phantom slices, Nyxus MATLAB-style 100-level binning, AABB background included","{'binWidth': 1, 'force2D': True, 'force2Ddimension': 0, 'distances': [1], 'symmetricalGLCM': False}",Nyxus _AVE row uses the same asserted test value as the base feature.
GLRLM,GLRLM_LGLRE,0.11546,0.220314142615629,0.104854142615629,90.8142582848,5,MISMATCH,RadiomicsGLRLM.LowGrayLevelRunEmphasis,"IBSI 2D phantom slices, Nyxus MATLAB-style 100-level binning, AABB background included","{'binWidth': 1, 'force2D': True, 'force2Ddimension': 0, 'distances': [1], 'symmetricalGLCM': False}",PyRadiomics GLRLM value averaged over the four Nyxus 2D phantom slices.
GLRLM,GLRLM_LGLRE_AVE,0.11546,0.220314142615629,0.104854142615629,90.8142582848,5,MISMATCH,RadiomicsGLRLM.LowGrayLevelRunEmphasis,"IBSI 2D phantom slices, Nyxus MATLAB-style 100-level binning, AABB background included","{'binWidth': 1, 'force2D': True, 'force2Ddimension': 0, 'distances': [1], 'symmetricalGLCM': False}",Nyxus _AVE row uses the same asserted test value as the base feature.
GLRLM,GLRLM_HGLRE,2486.087,2139.39948342099,346.687516579009,13.9451079781,5,MISMATCH,RadiomicsGLRLM.HighGrayLevelRunEmphasis,"IBSI 2D phantom slices, Nyxus MATLAB-style 100-level binning, AABB background included","{'binWidth': 1, 'force2D': True, 'force2Ddimension': 0, 'distances': [1], 'symmetricalGLCM': False}",PyRadiomics GLRLM value averaged over the four Nyxus 2D phantom slices.
GLRLM,GLRLM_HGLRE_AVE,2486.087,2139.39948342099,346.687516579009,13.9451079781,5,MISMATCH,RadiomicsGLRLM.HighGrayLevelRunEmphasis,"IBSI 2D phantom slices, Nyxus MATLAB-style 100-level binning, AABB background included","{'binWidth': 1, 'force2D': True, 'force2Ddimension': 0, 'distances': [1], 'symmetricalGLCM': False}",Nyxus _AVE row uses the same asserted test value as the base feature.
GLRLM,GLRLM_SRLGLE,0.104,0.176317507505209,0.0723175075052088,69.5360649089,5,MISMATCH,RadiomicsGLRLM.ShortRunLowGrayLevelEmphasis,"IBSI 2D phantom slices, Nyxus MATLAB-style 100-level binning, AABB background included","{'binWidth': 1, 'force2D': True, 'force2Ddimension': 0, 'distances': [1], 'symmetricalGLCM': False}",PyRadiomics GLRLM value averaged over the four Nyxus 2D phantom slices.
GLRLM,GLRLM_SRLGLE_AVE,0.104,0.176317507505209,0.0723175075052088,69.5360649089,5,MISMATCH,RadiomicsGLRLM.ShortRunLowGrayLevelEmphasis,"IBSI 2D phantom slices, Nyxus MATLAB-style 100-level binning, AABB background included","{'binWidth': 1, 'force2D': True, 'force2Ddimension': 0, 'distances': [1], 'symmetricalGLCM': False}",Nyxus _AVE row uses the same asserted test value as the base feature.
GLRLM,GLRLM_SRHGLE,2157.737,1886.11860344154,271.618396558456,12.5881141473,5,MISMATCH,RadiomicsGLRLM.ShortRunHighGrayLevelEmphasis,"IBSI 2D phantom slices, Nyxus MATLAB-style 100-level binning, AABB background included","{'binWidth': 1, 'force2D': True, 'force2Ddimension': 0, 'distances': [1], 'symmetricalGLCM': False}",PyRadiomics GLRLM value averaged over the four Nyxus 2D phantom slices.
GLRLM,GLRLM_SRHGLE_AVE,2157.737,1886.11860344154,271.618396558456,12.5881141473,5,MISMATCH,RadiomicsGLRLM.ShortRunHighGrayLevelEmphasis,"IBSI 2D phantom slices, Nyxus MATLAB-style 100-level binning, AABB background included","{'binWidth': 1, 'force2D': True, 'force2Ddimension': 0, 'distances': [1], 'symmetricalGLCM': False}",Nyxus _AVE row uses the same asserted test value as the base feature.
GLRLM,GLRLM_LRLGLE,0.165085,0.470133256958757,0.305048256958757,184.782540484,5,MISMATCH,RadiomicsGLRLM.LongRunLowGrayLevelEmphasis,"IBSI 2D phantom slices, Nyxus MATLAB-style 100-level binning, AABB background included","{'binWidth': 1, 'force2D': True, 'force2Ddimension': 0, 'distances': [1], 'symmetricalGLCM': False}",PyRadiomics GLRLM value averaged over the four Nyxus 2D phantom slices.
GLRLM,GLRLM_LRLGLE_AVE,0.165085,0.470133256958757,0.305048256958757,184.782540484,5,MISMATCH,RadiomicsGLRLM.LongRunLowGrayLevelEmphasis,"IBSI 2D phantom slices, Nyxus MATLAB-style 100-level binning, AABB background included","{'binWidth': 1, 'force2D': True, 'force2Ddimension': 0, 'distances': [1], 'symmetricalGLCM': False}",Nyxus _AVE row uses the same asserted test value as the base feature.
GLRLM,GLRLM_LRHGLE,4464.084,3684.23991468091,779.844085319092,17.4692968439,5,MISMATCH,RadiomicsGLRLM.LongRunHighGrayLevelEmphasis,"IBSI 2D phantom slices, Nyxus MATLAB-style 100-level binning, AABB background included","{'binWidth': 1, 'force2D': True, 'force2Ddimension': 0, 'distances': [1], 'symmetricalGLCM': False}",PyRadiomics GLRLM value averaged over the four Nyxus 2D phantom slices.
GLRLM,GLRLM_LRHGLE_AVE,4464.084,3684.23991468091,779.844085319092,17.4692968439,5,MISMATCH,RadiomicsGLRLM.LongRunHighGrayLevelEmphasis,"IBSI 2D phantom slices, Nyxus MATLAB-style 100-level binning, AABB background included","{'binWidth': 1, 'force2D': True, 'force2Ddimension': 0, 'distances': [1], 'symmetricalGLCM': False}",Nyxus _AVE row uses the same asserted test value as the base feature.
GLRLM,GLRLM_GLN,4.866,4.86612401079313,0.000124010793128626,0.00254851609389,5,PASS,RadiomicsGLRLM.GrayLevelNonUniformity,"IBSI 2D phantom slices, Nyxus MATLAB-style 100-level binning, AABB background included","{'binWidth': 1, 'force2D': True, 'force2Ddimension': 0, 'distances': [1], 'symmetricalGLCM': False}",PyRadiomics GLRLM value averaged over the four Nyxus 2D phantom slices.
GLRLM,GLRLM_GLN_AVE,4.866,4.86612401079313,0.000124010793128626,0.00254851609389,5,PASS,RadiomicsGLRLM.GrayLevelNonUniformity,"IBSI 2D phantom slices, Nyxus MATLAB-style 100-level binning, AABB background included","{'binWidth': 1, 'force2D': True, 'force2Ddimension': 0, 'distances': [1], 'symmetricalGLCM': False}",Nyxus _AVE row uses the same asserted test value as the base feature.
GLRLM,GLRLM_GLNN,0.37445,0.374451361268932,1.36126893229838e-06,0.000363538238029,5,PASS,RadiomicsGLRLM.GrayLevelNonUniformityNormalized,"IBSI 2D phantom slices, Nyxus MATLAB-style 100-level binning, AABB background included","{'binWidth': 1, 'force2D': True, 'force2Ddimension': 0, 'distances': [1], 'symmetricalGLCM': False}",PyRadiomics GLRLM value averaged over the four Nyxus 2D phantom slices.
GLRLM,GLRLM_GLNN_AVE,0.37445,0.374451361268932,1.36126893229838e-06,0.000363538238029,5,PASS,RadiomicsGLRLM.GrayLevelNonUniformityNormalized,"IBSI 2D phantom slices, Nyxus MATLAB-style 100-level binning, AABB background included","{'binWidth': 1, 'force2D': True, 'force2Ddimension': 0, 'distances': [1], 'symmetricalGLCM': False}",Nyxus _AVE row uses the same asserted test value as the base feature.
GLRLM,GLRLM_RLN,7.068975,7.06897538735774,3.87357740549987e-07,5.47968751552e-06,5,PASS,RadiomicsGLRLM.RunLengthNonUniformity,"IBSI 2D phantom slices, Nyxus MATLAB-style 100-level binning, AABB background included","{'binWidth': 1, 'force2D': True, 'force2Ddimension': 0, 'distances': [1], 'symmetricalGLCM': False}",PyRadiomics GLRLM value averaged over the four Nyxus 2D phantom slices.
GLRLM,GLRLM_RLN_AVE,7.068975,7.06897538735774,3.87357740549987e-07,5.47968751552e-06,5,PASS,RadiomicsGLRLM.RunLengthNonUniformity,"IBSI 2D phantom slices, Nyxus MATLAB-style 100-level binning, AABB background included","{'binWidth': 1, 'force2D': True, 'force2Ddimension': 0, 'distances': [1], 'symmetricalGLCM': False}",Nyxus _AVE row uses the same asserted test value as the base feature.
GLRLM,GLRLM_RLNN,0.518777,0.518777332529231,3.32529230484546e-07,6.40986841137e-05,5,PASS,RadiomicsGLRLM.RunLengthNonUniformityNormalized,"IBSI 2D phantom slices, Nyxus MATLAB-style 100-level binning, AABB background included","{'binWidth': 1, 'force2D': True, 'force2Ddimension': 0, 'distances': [1], 'symmetricalGLCM': False}",PyRadiomics GLRLM value averaged over the four Nyxus 2D phantom slices.
GLRLM,GLRLM_RLNN_AVE,0.518777,0.518777332529231,3.32529230484546e-07,6.40986841137e-05,5,PASS,RadiomicsGLRLM.RunLengthNonUniformityNormalized,"IBSI 2D phantom slices, Nyxus MATLAB-style 100-level binning, AABB background included","{'binWidth': 1, 'force2D': True, 'force2Ddimension': 0, 'distances': [1], 'symmetricalGLCM': False}",Nyxus _AVE row uses the same asserted test value as the base feature.
GLRLM,GLRLM_RP,0.705,0.653125,0.0518749999999999,7.35815602837,5,MISMATCH,RadiomicsGLRLM.RunPercentage,"IBSI 2D phantom slices, Nyxus MATLAB-style 100-level binning, AABB background included","{'binWidth': 1, 'force2D': True, 'force2Ddimension': 0, 'distances': [1], 'symmetricalGLCM': False}",PyRadiomics GLRLM value averaged over the four Nyxus 2D phantom slices.
GLRLM,GLRLM_RP_AVE,0.705,0.653125,0.0518749999999999,7.35815602837,5,MISMATCH,RadiomicsGLRLM.RunPercentage,"IBSI 2D phantom slices, Nyxus MATLAB-style 100-level binning, AABB background included","{'binWidth': 1, 'force2D': True, 'force2Ddimension': 0, 'distances': [1], 'symmetricalGLCM': False}",Nyxus _AVE row uses the same asserted test value as the base feature.
GLRLM,GLRLM_GLV,951.70428,951.704280530157,5.30157308276102e-07,5.57060968851e-08,5,PASS,RadiomicsGLRLM.GrayLevelVariance,"IBSI 2D phantom slices, Nyxus MATLAB-style 100-level binning, AABB background included","{'binWidth': 1, 'force2D': True, 'force2Ddimension': 0, 'distances': [1], 'symmetricalGLCM': False}",PyRadiomics GLRLM value averaged over the four Nyxus 2D phantom slices.
GLRLM,GLRLM_GLV_AVE,951.70428,951.704280530157,5.30157308276102e-07,5.57060968851e-08,5,PASS,RadiomicsGLRLM.GrayLevelVariance,"IBSI 2D phantom slices, Nyxus MATLAB-style 100-level binning, AABB background included","{'binWidth': 1, 'force2D': True, 'force2Ddimension': 0, 'distances': [1], 'symmetricalGLCM': False}",Nyxus _AVE row uses the same asserted test value as the base feature.
GLRLM,GLRLM_RV,0.709646,0.709646977406116,9.774061160428e-07,0.00013773150501,5,PASS,RadiomicsGLRLM.RunVariance,"IBSI 2D phantom slices, Nyxus MATLAB-style 100-level binning, AABB background included","{'binWidth': 1, 'force2D': True, 'force2Ddimension': 0, 'distances': [1], 'symmetricalGLCM': False}",PyRadiomics GLRLM value averaged over the four Nyxus 2D phantom slices.
GLRLM,GLRLM_RV_AVE,0.709646,0.709646977406116,9.774061160428e-07,0.00013773150501,5,PASS,RadiomicsGLRLM.RunVariance,"IBSI 2D phantom slices, Nyxus MATLAB-style 100-level binning, AABB background included","{'binWidth': 1, 'force2D': True, 'force2Ddimension': 0, 'distances': [1], 'symmetricalGLCM': False}",Nyxus _AVE row uses the same asserted test value as the base feature.
GLRLM,GLRLM_RE,2.3747,2.37767703055468,0.00297703055467791,0.125364490448,5,PASS,RadiomicsGLRLM.RunEntropy,"IBSI 2D phantom slices, Nyxus MATLAB-style 100-level binning, AABB background included","{'binWidth': 1, 'force2D': True, 'force2Ddimension': 0, 'distances': [1], 'symmetricalGLCM': False}",PyRadiomics GLRLM value averaged over the four Nyxus 2D phantom slices.
GLRLM,GLRLM_RE_AVE,2.3747,2.37767703055468,0.00297703055467791,0.125364490448,5,PASS,RadiomicsGLRLM.RunEntropy,"IBSI 2D phantom slices, Nyxus MATLAB-style 100-level binning, AABB background included","{'binWidth': 1, 'force2D': True, 'force2Ddimension': 0, 'distances': [1], 'symmetricalGLCM': False}",Nyxus _AVE row uses the same asserted test value as the base feature.
GLSZM,GLSZM_SAE,0.38873,0.388738174957483,8.17495748295372e-06,0.00210299114629,5,PASS,RadiomicsGLSZM.SmallAreaEmphasis,"IBSI 2D phantom slices, Nyxus MATLAB-style 100-level binning, AABB background included","{'binWidth': 1, 'force2D': True, 'force2Ddimension': 0, 'distances': [1], 'symmetricalGLCM': False}",PyRadiomics GLSZM value averaged over the four Nyxus 2D phantom slices.
GLSZM,GLSZM_LAE,32.5,32.5,0,0,5,PASS,RadiomicsGLSZM.LargeAreaEmphasis,"IBSI 2D phantom slices, Nyxus MATLAB-style 100-level binning, AABB background included","{'binWidth': 1, 'force2D': True, 'force2Ddimension': 0, 'distances': [1], 'symmetricalGLCM': False}",PyRadiomics GLSZM value averaged over the four Nyxus 2D phantom slices.
GLSZM,GLSZM_LGLZE,0.196255,0.294469568044555,0.0982145680445552,50.0443647523,5,MISMATCH,RadiomicsGLSZM.LowGrayLevelZoneEmphasis,"IBSI 2D phantom slices, Nyxus MATLAB-style 100-level binning, AABB background included","{'binWidth': 1, 'force2D': True, 'force2Ddimension': 0, 'distances': [1], 'symmetricalGLCM': False}",PyRadiomics GLSZM value averaged over the four Nyxus 2D phantom slices.
GLSZM,GLSZM_HGLZE,1497.574999,3280.625,1783.050001,119.062484496,5,MISMATCH,RadiomicsGLSZM.HighGrayLevelZoneEmphasis,"IBSI 2D phantom slices, Nyxus MATLAB-style 100-level binning, AABB background included","{'binWidth': 1, 'force2D': True, 'force2Ddimension': 0, 'distances': [1], 'symmetricalGLCM': False}",PyRadiomics GLSZM value averaged over the four Nyxus 2D phantom slices.
GLSZM,GLSZM_SALGLE,0.109386,0.116375123925936,0.0069891239259363,6.38941356841,5,MISMATCH,RadiomicsGLSZM.SmallAreaLowGrayLevelEmphasis,"IBSI 2D phantom slices, Nyxus MATLAB-style 100-level binning, AABB background included","{'binWidth': 1, 'force2D': True, 'force2Ddimension': 0, 'distances': [1], 'symmetricalGLCM': False}",PyRadiomics GLSZM value averaged over the four Nyxus 2D phantom slices.
GLSZM,GLSZM_SAHGLE,881.470652,2103.97588811827,1222.50523611827,138.689272677,5,MISMATCH,RadiomicsGLSZM.SmallAreaHighGrayLevelEmphasis,"IBSI 2D phantom slices, Nyxus MATLAB-style 100-level binning, AABB background included","{'binWidth': 1, 'force2D': True, 'force2Ddimension': 0, 'distances': [1], 'symmetricalGLCM': False}",PyRadiomics GLSZM value averaged over the four Nyxus 2D phantom slices.
GLSZM,GLSZM_LALGLE,0.769358,2.87348788506259,2.10412988506259,273.491649539,5,MISMATCH,RadiomicsGLSZM.LargeAreaLowGrayLevelEmphasis,"IBSI 2D phantom slices, Nyxus MATLAB-style 100-level binning, AABB background included","{'binWidth': 1, 'force2D': True, 'force2Ddimension': 0, 'distances': [1], 'symmetricalGLCM': False}",PyRadiomics GLSZM value averaged over the four Nyxus 2D phantom slices.
GLSZM,GLSZM_LAHGLE,11048.975,20972.325,9923.35,89.812403413,5,MISMATCH,RadiomicsGLSZM.LargeAreaHighGrayLevelEmphasis,"IBSI 2D phantom slices, Nyxus MATLAB-style 100-level binning, AABB background included","{'binWidth': 1, 'force2D': True, 'force2Ddimension': 0, 'distances': [1], 'symmetricalGLCM': False}",PyRadiomics GLSZM value averaged over the four Nyxus 2D phantom slices.
GLSZM,GLSZM_GLN,1.487499999,1.4875,9.99999860695766e-10,6.72268814365e-08,5,PASS,RadiomicsGLSZM.GrayLevelNonUniformity,"IBSI 2D phantom slices, Nyxus MATLAB-style 100-level binning, AABB background included","{'binWidth': 1, 'force2D': True, 'force2Ddimension': 0, 'distances': [1], 'symmetricalGLCM': False}",PyRadiomics GLSZM value averaged over the four Nyxus 2D phantom slices.
GLSZM,GLSZM_GLNN,0.2771875,0.2771875,5.55111512312578e-17,2.00265709064e-14,5,PASS,RadiomicsGLSZM.GrayLevelNonUniformityNormalized,"IBSI 2D phantom slices, Nyxus MATLAB-style 100-level binning, AABB background included","{'binWidth': 1, 'force2D': True, 'force2Ddimension': 0, 'distances': [1], 'symmetricalGLCM': False}",PyRadiomics GLSZM value averaged over the four Nyxus 2D phantom slices.
GLSZM,GLSZM_SZN,1.96249999,1.9625,9.99999993922529e-09,5.09554139627e-07,5,PASS,RadiomicsGLSZM.SizeZoneNonUniformity,"IBSI 2D phantom slices, Nyxus MATLAB-style 100-level binning, AABB background included","{'binWidth': 1, 'force2D': True, 'force2Ddimension': 0, 'distances': [1], 'symmetricalGLCM': False}",PyRadiomics GLSZM value averaged over the four Nyxus 2D phantom slices.
GLSZM,GLSZM_SZNN,0.35968749999,0.3596875,1.00000008274037e-11,2.78019136825e-09,5,PASS,RadiomicsGLSZM.SizeZoneNonUniformityNormalized,"IBSI 2D phantom slices, Nyxus MATLAB-style 100-level binning, AABB background included","{'binWidth': 1, 'force2D': True, 'force2Ddimension': 0, 'distances': [1], 'symmetricalGLCM': False}",PyRadiomics GLSZM value averaged over the four Nyxus 2D phantom slices.
GLSZM,GLSZM_ZP,0.275,0.275,0,0,5,PASS,RadiomicsGLSZM.ZonePercentage,"IBSI 2D phantom slices, Nyxus MATLAB-style 100-level binning, AABB background included","{'binWidth': 1, 'force2D': True, 'force2Ddimension': 0, 'distances': [1], 'symmetricalGLCM': False}",PyRadiomics GLSZM value averaged over the four Nyxus 2D phantom slices.
GLSZM,GLSZM_GLV,551.70375,1357.396875,805.693125,146.03727544,5,MISMATCH,RadiomicsGLSZM.GrayLevelVariance,"IBSI 2D phantom slices, Nyxus MATLAB-style 100-level binning, AABB background included","{'binWidth': 1, 'force2D': True, 'force2Ddimension': 0, 'distances': [1], 'symmetricalGLCM': False}",PyRadiomics GLSZM value averaged over the four Nyxus 2D phantom slices.
GLSZM,GLSZM_ZV,16.6875,16.6875,0,0,5,PASS,RadiomicsGLSZM.ZoneVariance,"IBSI 2D phantom slices, Nyxus MATLAB-style 100-level binning, AABB background included","{'binWidth': 1, 'force2D': True, 'force2Ddimension': 0, 'distances': [1], 'symmetricalGLCM': False}",PyRadiomics GLSZM value averaged over the four Nyxus 2D phantom slices.
GLSZM,GLSZM_ZE,2.28429019,2.28596404744368,0.00167385744367943,0.0732769177492,5,PASS,RadiomicsGLSZM.ZoneEntropy,"IBSI 2D phantom slices, Nyxus MATLAB-style 100-level binning, AABB background included","{'binWidth': 1, 'force2D': True, 'force2Ddimension': 0, 'distances': [1], 'symmetricalGLCM': False}",PyRadiomics GLSZM value averaged over the four Nyxus 2D phantom slices.
GLDM,GLDM_SDE,0.419444,0.288401100035317,0.131042899964683,31.2420489898,5,MISMATCH,RadiomicsGLDM.SmallDependenceEmphasis,cat2500_int/cat2500_seg ROI,"{'binCount': 128, 'force2D': True, 'force2Ddimension': 0, 'distances': [1]}",PyRadiomics GLDM on the Nyxus cat2500 2D test ROI.
GLDM,GLDM_LDE,4.33864,33.2028639618138,28.8642239618138,665.282760538,5,MISMATCH,RadiomicsGLDM.LargeDependenceEmphasis,cat2500_int/cat2500_seg ROI,"{'binCount': 128, 'force2D': True, 'force2Ddimension': 0, 'distances': [1]}",PyRadiomics GLDM on the Nyxus cat2500 2D test ROI.
GLDM,GLDM_LGLE,0.419444,0.361611948590176,0.0578320514098241,13.7877884556,5,MISMATCH,RadiomicsGLDM.LowGrayLevelEmphasis,cat2500_int/cat2500_seg ROI,"{'binCount': 128, 'force2D': True, 'force2Ddimension': 0, 'distances': [1]}",PyRadiomics GLDM on the Nyxus cat2500 2D test ROI.
GLDM,GLDM_HGLE,4.6233,7436.93118536197,7432.30788536197,160757.638167,5,MISMATCH,RadiomicsGLDM.HighGrayLevelEmphasis,cat2500_int/cat2500_seg ROI,"{'binCount': 128, 'force2D': True, 'force2Ddimension': 0, 'distances': [1]}",PyRadiomics GLDM on the Nyxus cat2500 2D test ROI.
GLDM,GLDM_SDLGLE,0.15421,0.0123811968756686,0.141828803124331,91.9712101189,5,MISMATCH,RadiomicsGLDM.SmallDependenceLowGrayLevelEmphasis,cat2500_int/cat2500_seg ROI,"{'binCount': 128, 'force2D': True, 'force2Ddimension': 0, 'distances': [1]}",PyRadiomics GLDM on the Nyxus cat2500 2D test ROI.
GLDM,GLDM_SDHGLE,2.49861,1754.11478443725,1751.61617443725,70103.6245928,5,MISMATCH,RadiomicsGLDM.SmallDependenceHighGrayLevelEmphasis,cat2500_int/cat2500_seg ROI,"{'binCount': 128, 'force2D': True, 'force2Ddimension': 0, 'distances': [1]}",PyRadiomics GLDM on the Nyxus cat2500 2D test ROI.
GLDM,GLDM_LDLGLE,2.83137,17.105670068637,14.274300068637,504.148170979,5,MISMATCH,RadiomicsGLDM.LargeDependenceLowGrayLevelEmphasis,cat2500_int/cat2500_seg ROI,"{'binCount': 128, 'force2D': True, 'force2Ddimension': 0, 'distances': [1]}",PyRadiomics GLDM on the Nyxus cat2500 2D test ROI.
GLDM,GLDM_LDHGLE,14.4415,258496.900954654,258482.459454654,1789858.8059,5,MISMATCH,RadiomicsGLDM.LargeDependenceHighGrayLevelEmphasis,cat2500_int/cat2500_seg ROI,"{'binCount': 128, 'force2D': True, 'force2Ddimension': 0, 'distances': [1]}",PyRadiomics GLDM on the Nyxus cat2500 2D test ROI.
GLDM,GLDM_GLN,3.37992,615.533810660302,612.153890660302,18111.4905282,5,MISMATCH,RadiomicsGLDM.GrayLevelNonUniformity,cat2500_int/cat2500_seg ROI,"{'binCount': 128, 'force2D': True, 'force2Ddimension': 0, 'distances': [1]}",PyRadiomics GLDM on the Nyxus cat2500 2D test ROI.
GLDM,GLDM_DN,3.70606,430.948289578361,427.242229578361,11528.205954,5,MISMATCH,RadiomicsGLDM.DependenceNonUniformity,cat2500_int/cat2500_seg ROI,"{'binCount': 128, 'force2D': True, 'force2Ddimension': 0, 'distances': [1]}",PyRadiomics GLDM on the Nyxus cat2500 2D test ROI.
GLDM,GLDM_DNN,0.526864,0.17141936737405,0.35544463262595,67.4642094783,5,MISMATCH,RadiomicsGLDM.DependenceNonUniformityNormalized,cat2500_int/cat2500_seg ROI,"{'binCount': 128, 'force2D': True, 'force2Ddimension': 0, 'distances': [1]}",PyRadiomics GLDM on the Nyxus cat2500 2D test ROI.
GLDM,GLDM_GLV,0.634569,3379.58577629555,3378.95120729555,532479.715728,5,MISMATCH,RadiomicsGLDM.GrayLevelVariance,cat2500_int/cat2500_seg ROI,"{'binCount': 128, 'force2D': True, 'force2Ddimension': 0, 'distances': [1]}",PyRadiomics GLDM on the Nyxus cat2500 2D test ROI.
GLDM,GLDM_DV,0.286155,7.78746924937138,7.50131424937138,2621.4164524,5,MISMATCH,RadiomicsGLDM.DependenceVariance,cat2500_int/cat2500_seg ROI,"{'binCount': 128, 'force2D': True, 'force2Ddimension': 0, 'distances': [1]}",PyRadiomics GLDM on the Nyxus cat2500 2D test ROI.
GLDM,GLDM_DE,1.84336,5.21685550257686,3.37349550257686,183.007958433,5,MISMATCH,RadiomicsGLDM.DependenceEntropy,cat2500_int/cat2500_seg ROI,"{'binCount': 128, 'force2D': True, 'force2Ddimension': 0, 'distances': [1]}",PyRadiomics GLDM on the Nyxus cat2500 2D test ROI.
NGTDM,NGTDM_COARSENESS,0.008374068,0.00837406840130981,4.0130981350528e-10,4.79229227068e-06,5,PASS,RadiomicsNGTDM.Coarseness,"IBSI 2D phantom slices, Nyxus MATLAB-style 100-level binning, AABB background included","{'binWidth': 1, 'force2D': True, 'force2Ddimension': 0, 'distances': [1], 'symmetricalGLCM': False}",PyRadiomics NGTDM value averaged over the four Nyxus 2D phantom slices.
NGTDM,NGTDM_CONTRAST,3169.92908,3169.92908510417,5.10416657562018e-06,1.61018320814e-07,5,PASS,RadiomicsNGTDM.Contrast,"IBSI 2D phantom slices, Nyxus MATLAB-style 100-level binning, AABB background included","{'binWidth': 1, 'force2D': True, 'force2Ddimension': 0, 'distances': [1], 'symmetricalGLCM': False}",PyRadiomics NGTDM value averaged over the four Nyxus 2D phantom slices.
NGTDM,NGTDM_BUSYNESS,1.444571,1.42284389095179,0.0217271090482098,1.50405269441,5,PASS,RadiomicsNGTDM.Busyness,"IBSI 2D phantom slices, Nyxus MATLAB-style 100-level binning, AABB background included","{'binWidth': 1, 'force2D': True, 'force2Ddimension': 0, 'distances': [1], 'symmetricalGLCM': False}",PyRadiomics NGTDM value averaged over the four Nyxus 2D phantom slices.
NGTDM,NGTDM_COMPLEXITY,3608.3891,3608.38918779683,8.77968336681079e-05,2.43313099655e-06,5,PASS,RadiomicsNGTDM.Complexity,"IBSI 2D phantom slices, Nyxus MATLAB-style 100-level binning, AABB background included","{'binWidth': 1, 'force2D': True, 'force2Ddimension': 0, 'distances': [1], 'symmetricalGLCM': False}",PyRadiomics NGTDM value averaged over the four Nyxus 2D phantom slices.
NGTDM,NGTDM_STRENGTH,52.076642,52.0766426698172,6.69817197263001e-07,1.28621426332e-06,5,PASS,RadiomicsNGTDM.Strength,"IBSI 2D phantom slices, Nyxus MATLAB-style 100-level binning, AABB background included","{'binWidth': 1, 'force2D': True, 'force2Ddimension': 0, 'distances': [1], 'symmetricalGLCM': False}",PyRadiomics NGTDM value averaged over the four Nyxus 2D phantom slices.
